Year,Month,yobs,piobs,rrobs,idx_y,idx_pi,rstar_lw,ybar_lw,gg_home,yobs_int,piobs_int,rrobs_int,idx_y_int,idx_pi_int,rstar_lw_int,ybar_lw_int,gg_home_int,gg_home_f,yobs_us,piobs_us,rrobs_us,idx_y_us,idx_pi_us,rstar_lw_us,ybar_lw_us,gg_foreign,lw_decomp_r,lw_decomp_g_pos,lw_decomp_g_neg,lw_decomp_z_pos,lw_decomp_z_neg,int_decomp_r,int_decomp_gh_pos,int_decomp_gh_neg,int_decomp_gf_pos,int_decomp_gf_neg,int_decomp_z_pos,int_decomp_z_neg
1965,12,252.610733032227,14.1598535067163,-0.190533548593521,0,0,2.11633476980666,253.815467560817,1.27920747656638,252.610733032227,14.1598535067163,-0.190533548593521,0,0,2.34204765095955,253.94080730348,1.2159170946335,0.289831831036974,311.83740234375,1.32704043388367,2.96354126930237,0,0,2.75026682811243,308.438287454121,1.23068879859076,2.11633476980666,1.27920747656638,0,0.837127293240284,0,2.34204765095955,1.2159170946335,0,0.289831831036974,0,0.836298725289075,0
1966,3,253.76123046875,13.6993832275489,-0.778876304626465,0,0,2.15073153910185,254.980667054461,1.28578403771113,253.76123046875,13.6993832275489,-0.778876304626465,0,0,2.36003688710213,255.138414270737,1.21871314504003,0.28630910445982,314.241424560547,1.99792158603668,3.32450222969055,0,0,2.73025815326958,309.749276109654,1.21573053771413,2.15073153910185,1.28578403771113,0,0.864947501390716,0,2.36003688710213,1.21871314504003,0,0.28630910445982,0,0.855014637602288,0
1966,6,257.622009277344,12.5100088154417,-1.44304084777832,0,0,2.19072100723833,256.248074866693,1.30534012093365,257.622009277344,12.5100088154417,-1.44304084777832,0,0,2.38101173232846,256.414003602375,1.2312213474952,0.279529111802131,314.581085205078,3.24367237091064,3.62130498886108,0,0,2.69569491140139,310.72590763832,1.18694121878912,2.19072100723833,1.30534012093365,0,0.885380886304679,0,2.38101173232846,1.2312213474952,0,0.279529111802131,0,0.870261273031134,0
1966,9,258.395629882812,11.7756371840128,-2.10993242263794,0,0,2.18145296508697,257.412776871576,1.27592612631655,258.395629882812,11.7756371840128,-2.10993242263794,0,0,2.37043165368576,257.611065896785,1.21046830056668,0.275314277822991,315.426300048828,3.28626489639282,3.94509887695312,0,0,2.67299649246896,311.852990332916,1.16904411981455,2.18145296508697,1.27592612631655,0,0.905526838770418,0,2.37043165368576,1.21046830056668,0,0.275314277822991,0,0.884649075296085,0
1966,12,257.715209960938,11.4526891398736,-2.23213696479797,0,0,2.20776337256545,258.550969518808,1.2607864911841,257.715209960938,11.4526891398736,-2.23213696479797,0,0,2.37451465438077,258.782400665438,1.19655792443604,0.270453668901159,316.241638183594,3.4410719871521,3.60142540931702,0,0,2.64673470100529,312.938399559633,1.14840492041045,2.20776337256545,1.2607864911841,0,0.946976881381351,0,2.37451465438077,1.19655792443604,0,0.270453668901159,0,0.90750306104357,0
1967,3,257.959381103516,10.4628542525013,-1.62713170051575,0,0,2.27261196451089,259.72144201081,1.26804408960381,257.959381103516,10.4628542525013,-1.62713170051575,0,0,2.39871166792745,259.974914549991,1.19692512841102,0.265355032209599,317.124298095703,2.19496369361877,2.3010470867157,0,0,2.6187146218139,314.039524308709,1.12675500348471,2.27261196451089,1.26804408960381,0,1.00456787490708,0,2.39871166792745,1.19692512841102,0,0.265355032209599,0,0.936431507306832,0
1967,6,258.718414306641,5.39995463650904,-1.06897485256195,0,0,2.34826018736134,260.891310144786,1.2764992709071,258.718414306641,5.39995463650904,-1.06897485256195,0,0,2.424910399748,261.161117945207,1.19717378762199,0.259503487426413,317.185882568359,2.66898798942566,1.04130709171295,0,0,2.58832107810454,314.942575464751,1.10190807554945,2.34826018736134,1.2764992709071,0,1.07176091645424,0,2.424910399748,1.19717378762199,0,0.259503487426413,0,0.968233124699595,0
1967,9,260.069244384766,4.63699104961607,-0.100387185811996,0,0,2.43842116965486,262.077396786881,1.29195465097767,260.069244384766,4.63699104961607,-0.100387185811996,0,0,2.45922590249525,262.355168811636,1.20142736502445,0.25610753248524,318.127410888672,3.61509037017822,0.948461472988129,0,0,2.5692360213951,315.986743402805,1.08748811452699,2.43842116965486,1.29195465097767,0,1.14646651867718,0,2.45922590249525,1.20142736502445,0,0.25610753248524,0,1.00169100498556,0
1967,12,261.766998291016,4.58522061944413,1.63366222381592,0,0,2.5378276096657,263.286050539292,1.31210502007155,261.766998291016,4.58522061944413,1.63366222381592,0,0,2.49486208454042,263.556566585248,1.20705855114257,0.252246079963824,318.878723144531,4.01541996002197,1.33501613140106,0,0,2.5482741735931,316.899014303218,1.07109154984535,2.5378276096657,1.31210502007155,0,1.22572258959415,0,2.49486208454042,1.20705855114257,0,0.252246079963824,0,1.03555745343403,0
1968,3,263.007507324219,4.5347064108099,3.39241456985474,0,0,2.64432199633136,264.495521502527,1.33410475754491,263.007507324219,4.5347064108099,3.39241456985474,0,0,2.53361841196648,264.749024192096,1.21306477883299,0.249900816023448,320.89794921875,4.53413534164429,1.88700866699219,0,0,2.53226260090895,318.019093133349,1.06113305063278,2.64432199633136,1.33410475754491,0,1.31021723878645,0,2.53361841196648,1.21306477883299,0,0.249900816023448,0,1.07065281711004,0
1968,6,265.021545410156,4.4852043952135,5.24271535873413,0,0,2.76697745316468,265.76616222417,1.37150064367293,265.021545410156,4.4852043952135,5.24271535873413,0,0,2.57989078408467,265.97580459623,1.2291245841829,0.244951064921966,322.552947998047,4.62652826309204,2.83050990104675,0,0,2.50239846525716,319.063464431587,1.04011533420525,2.76697745316468,1.37150064367293,0,1.39547680949175,0,2.57989078408467,1.2291245841829,0,0.244951064921966,0,1.1058151349798,0
1968,9,266.366882324219,4.43682529520984,6.53707981109619,0,0,2.88176052495134,267.048558372342,1.4032208367746,266.366882324219,4.43682529520984,6.53707981109619,0,0,2.62226168424812,267.201392857528,1.24299813216024,0.238653700682839,323.325927734375,4.44615316390991,2.20865368843079,0,0,2.46630366567112,319.98619261078,1.01337536019338,2.88176052495134,1.4032208367746,0,1.47853968817674,0,2.62226168424812,1.24299813216024,0,0.238653700682839,0,1.14060985140503,0
1968,12,267.530670166016,4.38941992931696,6.74693250656128,0,0,3.00388186631147,268.382569735157,1.44294452854817,267.530670166016,4.38941992931696,6.74693250656128,0,0,2.67382781651927,268.460483449382,1.26482828109253,0.232919514201676,323.716918945312,4.6284761428833,1.73939299583435,0,0,2.43341832393383,320.831686312543,0.989026761055225,3.00388186631147,1.44294452854817,0,1.5609373377633,0,2.67382781651927,1.26482828109253,0,0.232919514201676,0,1.17608002122506,0
1969,3,267.394805908203,4.34304175176389,6.79712629318237,0,0,3.12694604751805,269.699169175645,1.48035255382156,267.394805908203,4.34304175176389,6.79712629318237,0,0,2.7298110710897,269.702008125312,1.2871568624262,0.228553309902449,325.26953125,4.34696102142334,2.14415216445923,0,0,2.40516014811938,321.871869651657,0.970486910880068,3.12694604751805,1.48035255382156,0,1.6465934936965,0,2.7298110710897,1.2871568624262,0,0.228553309902449,0,1.21410089876105,0
1969,6,270.392608642578,6.21935728525695,6.88760709762573,0,0,3.27531599806416,271.167249086178,1.55160573420267,270.392608642578,6.21935728525695,6.88760709762573,0,0,2.80662929605678,271.058674190047,1.33541644245451,0.221704313277791,325.571899414062,4.75921201705933,3.7299964427948,0,0,2.36578513436303,322.645044590115,0.941404586149221,3.27531599806416,1.55160573420267,0,1.72371026386149,0,2.80662929605678,1.33541644245451,0,0.221704313277791,0,1.24950854032447,0
1969,9,272.467376708984,9.83030345938915,6.98114538192749,0,0,3.37545983392354,272.638670436275,1.58978508167303,272.467376708984,9.83030345938915,6.98114538192749,0,0,2.86048878691186,272.42120856116,1.36451160193067,0.216899498111424,326.230133056641,4.58822154998779,4.38154220581055,0,0,2.33590739345491,323.559083775014,0.921002299128537,3.37545983392354,1.58978508167303,0,1.78567475225051,0,2.86048878691186,1.36451160193067,0,0.216899498111424,0,1.27907768686977,0
1969,12,273.454681396484,9.60302396300622,6.38786268234253,0,0,3.4691271644262,274.102759229137,1.62281780117774,273.454681396484,9.60302396300622,6.38786268234253,0,0,2.91095593344169,273.778726271953,1.39086967081617,0.211283414498636,325.741577148438,4.66998434066772,4.30650901794434,0,0,2.30394955840756,324.25233087368,0.897155190377654,3.4691271644262,1.62281780117774,0,1.84630936324846,0,2.91095593344169,1.39086967081617,0,0.211283414498636,0,1.30880284812688,0
1970,3,277.420715332031,9.38586526425843,10.5601806640625,0,0,3.56780936811498,275.705575570033,1.67569354916128,277.420715332031,9.38586526425843,10.5601806640625,0,0,2.97485586825766,275.255282605242,1.43403010565451,0.208552424713545,325.592651367188,4.33164119720459,3.92694425582886,0,0,2.28640936441638,325.040111676606,0.885558815591791,3.56780936811498,1.67569354916128,0,1.89211581895371,0,2.97485586825766,1.43403010565451,0,0.208552424713545,0,1.3322733378896,0
1970,6,278.912139892578,10.4832375705745,9.19139957427979,0,0,3.60263726068304,277.244688625428,1.6799959729914,278.912139892578,10.4832375705745,9.19139957427979,0,0,2.99937735866836,276.685464247334,1.44349986818581,0.206629155671805,325.734039306641,4.5012731552124,3.24606156349182,0,0,2.27305304468931,325.821103660049,0.87739219821965,3.60263726068304,1.6799959729914,0,1.92264128769163,0,2.99937735866836,1.44349986818581,0,0.206629155671805,0,1.34924833481075,0
1970,9,279.888214111328,10.8564370919,7.80640602111816,0,0,3.64044053873295,278.822284223496,1.69038644836458,279.888214111328,10.8564370919,7.80640602111816,0,0,3.02891866954097,278.149145527281,1.45745835305926,0.205399643925853,326.651031494141,4.42521715164185,2.13953065872192,0,0,2.26216609297297,326.774427342194,0.872171424752272,3.64044053873295,1.69038644836458,0,1.95005409036837,0,3.02891866954097,1.45745835305926,0,0.205399643925853,0,1.36606067255586,0
1970,12,279.477600097656,10.5806399034981,6.84184885025024,0,0,3.66338937675513,280.345394080898,1.68580821040868,279.477600097656,10.5806399034981,6.84184885025024,0,0,3.04967468400763,279.577414490614,1.4632391945217,0.201921773710636,325.573760986328,5.5785083770752,1.13124179840088,0,0,2.24425195855456,327.216663825841,0.857403633714602,3.66338937675513,1.68580821040868,0,1.97758116634645,0,3.04967468400763,1.4632391945217,0,0.201921773710636,0,1.3845137157753,0
1971,3,281.682281494141,9.65624646027782,6.55706405639648,0,0,3.70097434178219,281.942984230551,1.7025531565803,281.682281494141,9.65624646027782,6.55706405639648,0,0,3.09302109560338,281.084923890229,1.48740694231889,0.204976635042586,328.252807617188,5.03568029403687,-0.506063401699066,0,0,2.25335649207511,328.396629762979,0.87037523731324,3.70097434178219,1.7025531565803,0,1.99842118520189,0,3.09302109560338,1.48740694231889,0,0.204976635042586,0,1.4006375182419,0
1971,6,284.176086425781,9.11093997471207,6.28697729110718,0,0,3.6964400148205,283.528916916056,1.69325698645556,284.176086425781,9.11093997471207,6.28697729110718,0,0,3.10367096517762,282.589007139266,1.49255087410927,0.201092800998736,328.793273925781,4.53709173202515,-0.0617176927626133,0,0,2.23089448575341,329.07060639243,0.853883635834371,3.6964400148205,1.69325698645556,0,2.00318302836494,0,3.10367096517762,1.49255087410927,0,0.201092800998736,0,1.41002729006962,0
1971,9,284.687835693359,8.9150464213097,6.26654052734375,0,0,3.67085085821779,285.041247995955,1.66427051713405,284.687835693359,8.9150464213097,6.26654052734375,0,0,3.10493951080489,284.051489460898,1.4856156736298,0.199752992451429,329.612121582031,3.75224614143372,0.655690133571625,0,0,2.22162455941616,329.855371927623,0.848194518232873,3.67085085821779,1.66427051713405,0,2.00658034108375,0,3.10493951080489,1.4856156736298,0,0.199752992451429,0,1.41957084472366,0
1971,12,285.267669677734,10.5888135938236,6.68732738494873,0,0,3.66755241220765,286.550666275844,1.65283553789596,285.267669677734,10.5888135938236,6.68732738494873,0,0,3.12053801634397,285.523718163143,1.49005883908083,0.198794987147995,329.845611572266,2.27759718894958,-0.101146534085274,0,0,2.21595419916177,330.471015852364,0.844126619990959,3.66755241220765,1.65283553789596,0,2.01471687431169,0,3.12053801634397,1.49005883908083,0,0.198794987147995,0,1.43168419011514,0
1972,3,287.108245849609,13.849610103879,7.25190925598145,0,0,3.66820359605873,288.082225097583,1.6504790392852,287.108245849609,13.849610103879,7.25190925598145,0,0,3.14433045288528,287.029081165945,1.50150702046932,0.201005082264941,331.665863037109,3.81802749633789,-0.925238788127899,0,0,2.22345072326934,331.354361453898,0.853511163070695,3.66820359605873,1.6504790392852,0,2.01772455677353,0,3.14433045288528,1.50150702046932,0,0.201005082264941,0,1.44181835015101,0
1972,6,289.574737548828,12.0009471823183,7.04205179214478,0,0,3.64573026318676,289.609931146706,1.63690647821459,289.574737548828,12.0009471823183,7.04205179214478,0,0,3.15356969437743,288.542623633039,1.50503377159069,0.201318645866777,333.911163330078,2.69639086723328,0.481130748987198,0,0,2.21961101874751,332.277527867062,0.854842622113841,3.64573026318676,1.63690647821459,0,2.00882378497217,0,3.15356969437743,1.50503377159069,0,0.201318645866777,0,1.44721727691997,0
1972,9,291.362060546875,8.85156810319074,5.89294862747192,0,0,3.59734487924349,291.091647086296,1.6063588595031,291.362060546875,8.85156810319074,5.89294862747192,0,0,3.14717421535244,290.032524025347,1.49792871769042,0.199283905755439,334.851104736328,2.99610805511475,1.24993205070496,0,0,2.20496976960467,332.94721534052,0.846202674410005,3.59734487924349,1.6063588595031,0,1.99098601974038,0,3.14717421535244,1.49792871769042,0,0.199283905755439,0,1.44996159190658,0
1972,12,292.655700683594,8.66640244217175,5.22913789749146,0,0,3.543238974876,292.546563474569,1.57379637435851,292.655700683594,8.66640244217175,5.22913789749146,0,0,3.14341916717566,291.520841444674,1.49161300404409,0.19941770472625,336.510559082031,2.50357961654663,2.08515548706055,0,0,2.19875178009675,333.767733628215,0.846770813851592,3.543238974876,1.57379637435851,0,1.96944260051749,0,3.14341916717566,1.49161300404409,0,0.19941770472625,0,1.45238845840532,0
1973,3,292.684417724609,17.568897757081,5.40985727310181,0,0,3.49012091274199,293.934023338077,1.53874032097097,292.684417724609,17.568897757081,5.40985727310181,0,0,3.13969106668701,292.972396889674,1.48353291278297,0.198606846123908,338.954986572266,2.77796268463135,3.53107190132141,0,0,2.18409221183785,334.729488096653,0.843327732408214,3.49012091274199,1.53874032097097,0,1.95138059177102,0,3.13969106668701,1.48353291278297,0,0.198606846123908,0,1.45755130778013,0
1973,6,295.11767578125,30.6431425408224,6.2983717918396,0,1,3.45458652074296,295.380658082828,1.52570678468876,295.11767578125,30.6431425408224,6.2983717918396,0,1,3.1485846261066,294.489626310288,1.49212216437727,0.194309301162348,340.038452148438,5.41118144989014,4.89767456054688,0,0,2.15140803815008,335.534940929721,0.82507942466814,3.45458652074296,1.52570678468876,0,1.9288797360542,0,3.1485846261066,1.49212216437727,0,0.194309301162348,0,1.46215316056698,0
1973,9,296.231719970703,25.0462880051874,4.45125293731689,0,1,3.37849005500698,296.723758745178,1.4797943864226,296.231719970703,25.0462880051874,4.45125293731689,0,1,3.13348436447936,295.946778718675,1.47923000100743,0.189510217710238,339.511322021484,5.28131055831909,7.6540002822876,0,0,2.11770156962414,336.082063651732,0.804701475748993,3.37849005500698,1.4797943864226,0,1.89869566858437,0,3.13348436447936,1.47923000100743,0,0.189510217710238,0,1.46474414576169,0
1973,12,299.163024902344,15.1770038531991,-1.33280539512634,0,1,3.30708741117167,298.096012310934,1.44720305326619,299.163024902344,15.1770038531991,-1.33280539512634,0,1,3.12871809066111,297.450668933802,1.47599965205985,0.188399968762364,340.455596923828,5.5307674407959,6.45159912109375,0,0,2.0988278026985,337.030906052453,0.799987117981915,3.30708741117167,1.44720305326619,0,1.85988435790549,0,3.12871809066111,1.47599965205985,0,0.188399968762364,0,1.4643184698389,0
1974,3,301.040466308594,14.6513492033928,-4.28004884719849,0,1,3.19523868936259,299.368482910071,1.3829706146826,301.040466308594,14.6513492033928,-4.28004884719849,0,1,3.09267716125271,298.893804605152,1.44914405924269,0.183519041293298,339.593353271484,6.80897235870361,5.22454738616943,0,1,2.0630746733268,337.611475343136,0.779261641620602,3.19523868936259,1.3829706146826,0,1.81226807467999,0,3.09267716125271,1.44914405924269,0,0.183519041293298,0,1.46001406071672,0
1974,6,302.592010498047,25.1710562366874,-5.09258031845093,0,1,3.09150162366773,300.602131984195,1.3216962400175,302.592010498047,25.1710562366874,-5.09258031845093,0,1,3.06016236076958,300.331243628943,1.42211244806067,0.181425427127154,339.830871582031,9.8184871673584,6.26708221435547,0,1,2.03964565639147,338.453457521707,0.770371701914442,3.09150162366773,1.3216962400175,0,1.76980538365023,0,3.06016236076958,1.42211244806067,0,0.181425427127154,0,1.45662448558176,0
1974,9,301.425323486328,10.7629487588255,-4.50787544250488,0,1,3.00343418626695,301.677750562039,1.25447136828591,301.425323486328,10.7629487588255,-4.50787544250488,0,1,3.0196771503862,301.64862531283,1.3820039293562,0.177228369300217,338.880676269531,11.2713623046875,6.09521865844727,0,1,2.00809957468275,339.005484284903,0.752550084336525,3.00343418626695,1.25447136828591,0,1.74896281798104,0,3.0196771503862,1.3820039293562,0,0.177228369300217,0,1.46044485172978,0
1974,12,304.749633789062,24.4106106542762,-1.5888592004776,0,1,2.98741092044437,302.898714744962,1.25066441245328,304.749633789062,24.4106106542762,-1.5888592004776,0,1,3.02207778809509,303.08603856966,1.38080003378032,0.17604583189132,338.491729736328,9.65632438659668,2.29752230644226,0,1,1.99144939488058,339.753705423527,0.74752877408969,2.98741092044437,1.25066441245328,0,1.73674650799109,0,3.02207778809509,1.38080003378032,0,0.17604583189132,0,1.46523192242345,0
1975,3,304.540954589844,24.7720158317969,1.17289888858795,0,1,2.92757109313284,303.956246320968,1.19669904175747,304.540954589844,24.7720158317969,1.17289888858795,0,1,2.98222987924669,304.387260415158,1.33792844500678,0.174272325939752,337.265441894531,7.73817729949951,-1.97696793079376,0,1,1.97522481911736,340.237164882366,0.739998083271435,2.92757109313284,1.19669904175747,0,1.73087205137537,0,2.98222987924669,1.33792844500678,0,0.174272325939752,0,1.47002910830016,0
1975,6,305.097198486328,26.2509823638392,-1.58974099159241,0,1,2.92458868068895,305.062067897339,1.18193383016192,305.097198486328,26.2509823638392,-1.58974099159241,0,1,2.97398770441242,305.713352927228,1.31652134024704,0.176598209262913,337.97802734375,6.05059862136841,-3.76218819618225,0,1,1.97871648379761,340.960054505501,0.749874288181024,2.92458868068895,1.18193383016192,0,1.74265485052703,0,2.97398770441242,1.31652134024704,0,0.176598209262913,0,1.48086815490247,0
1975,9,305.281463623047,11.8311322593183,-3.91471338272095,0,0,2.91922453118173,306.107254576999,1.15677378196767,305.281463623047,11.8311322593183,-3.91471338272095,0,0,2.95811844306664,306.975869193072,1.28531620182201,0.178489136337372,339.675323486328,5.95547771453857,-3.16738605499268,0,1,1.97973111691297,341.717486663666,0.757903574547406,2.91922453118173,1.15677378196767,0,1.76245074921406,0,2.95811844306664,1.28531620182201,0,0.178489136337372,0,1.49431310490725,0
1975,12,307.046417236328,9.06500216629038,-4.7799768447876,0,0,2.93697386592819,307.186766798818,1.14901021794366,307.046417236328,9.06500216629038,-4.7799768447876,0,0,2.95477709891573,308.252516832244,1.26571497782479,0.179553491027944,341.013366699219,6.46425580978394,-2.86888527870178,0,1,1.97767395248902,342.354890165131,0.762423055346765,2.93697386592819,1.14901021794366,0,1.78796364798453,0,2.95477709891573,1.26571497782479,0,0.179553491027944,0,1.50950863006299,0
1976,3,306.600860595703,11.6911135218154,-4.27414083480835,0,1,2.95844466172822,308.160040102586,1.12975273909497,306.600860595703,11.6911135218154,-4.27414083480835,0,1,2.94824589951041,309.431270631088,1.23608870307651,0.182019868378683,343.237609863281,6.03245210647583,-2.21198081970215,0,1,1.98134849488381,343.198108172037,0.772895828360663,2.95844466172822,1.12975273909497,0,1.82869192263325,0,2.94824589951041,1.23608870307651,0,0.182019868378683,0,1.53013732805522,0
1976,6,309.137023925781,23.076225185208,-0.119428545236588,0,1,3.04696169857963,309.275759873054,1.16533259815751,309.137023925781,23.076225185208,-0.119428545236588,0,1,2.97853377996858,310.701595737154,1.24150782217892,0.182393720398971,343.968688964844,4.77071857452393,-1.15599727630615,0,1,1.97699123156418,343.814954408015,0.774483285100845,3.04696169857963,1.16533259815751,0,1.88162910042212,0,2.97853377996858,1.24150782217892,0,0.182393720398971,0,1.55463223739069,0
1976,9,308.398498535156,25.9231214725741,7.14143037796021,0,1,3.12131889034507,310.273195132088,1.17296826335242,308.398498535156,25.9231214725741,7.14143037796021,0,1,2.99406482041364,311.858133151175,1.2250041407119,0.185092201963938,344.515075683594,6.21643304824829,-0.653274774551392,0,1,1.98565916544219,344.450978089997,0.785941622935328,3.12131889034507,1.17296826335242,0,1.94835062699265,0,2.99406482041364,1.2250041407119,0,0.185092201963938,0,1.58396847773779,0
1976,12,311.665649414062,20.0384850654918,7.17302989959717,0,0,3.26285287476461,311.455869640848,1.24481228915473,311.665649414062,20.0384850654918,7.17302989959717,0,0,3.05468552115219,313.132440268191,1.25045009412974,0.189821688984831,345.235382080078,6.21274375915527,-0.801753997802734,0,0,2.00488355693123,345.146619936196,0.806024050316986,3.26285287476461,1.24481228915473,0,2.01804058560989,0,3.05468552115219,1.25045009412974,0,0.189821688984831,0,1.61441373803762,0
1977,3,315.2978515625,20.6569830283727,3.13100409507751,0,0,3.34576740339647,312.694069220037,1.28295107681104,315.2978515625,20.6569830283727,3.13100409507751,0,0,3.08519431506654,314.422568421552,1.2545162311408,0.195650683763756,346.414215087891,6.67542695999146,-1.01826095581055,0,0,2.02934383401597,345.932586549389,0.830775226044653,3.34576740339647,1.28295107681104,0,2.06281632658543,0,3.08519431506654,1.2545162311408,0,0.195650683763756,0,1.63502740016199,0
1977,6,315.202941894531,42.467872407747,1.36392736434937,0,1,3.38360461215779,313.872914964756,1.27812876465578,315.202941894531,42.467872407747,1.36392736434937,0,1,3.089236420046,315.645131359929,1.23140137559627,0.201201335847015,348.338073730469,6.06592512130737,-0.518225848674774,0,0,2.05130630242223,346.847760876841,0.854344498333692,3.38360461215779,1.27812876465578,0,2.10547584750201,0,3.089236420046,1.23140137559627,0,0.201201335847015,0,1.65663370860272,0
1977,9,312.052032470703,17.2246581039821,-3.69262504577637,0,1,3.45613003092134,314.958347223887,1.28016509262677,312.052032470703,17.2246581039821,-3.69262504577637,0,1,3.11002090156734,316.772730811339,1.21309661019932,0.204504820941091,350.125305175781,6.59842157363892,-0.0717783272266388,0,0,2.0618472219396,347.757855610767,0.868371812335209,3.45613003092134,1.28016509262677,0,2.17596493829457,0,3.11002090156734,1.21309661019932,0,0.204504820941091,0,1.69241947042692,0
1977,12,315.741058349609,0.974929373158055,-10.2378091812134,0,1,3.60389640335729,316.299594849536,1.35457321607271,315.741058349609,0.974929373158055,-10.2378091812134,0,1,3.18421668113659,318.085057903016,1.24816856643587,0.206207353970708,350.126770019531,5.77099084854126,0.265451848506927,0,0,2.0673120537947,348.420056788873,0.875601136737862,3.60389640335729,1.35457321607271,0,2.24932318728458,0,3.18421668113659,1.24816856643587,0,0.206207353970708,0,1.72984076073001,0
1978,3,316.831970214844,14.8334359703213,-7.30117607116699,0,1,3.68057094792355,317.512986643772,1.3583596191017,316.831970214844,14.8334359703213,-7.30117607116699,0,1,3.2120940383163,319.290322609652,1.23645844278455,0.211098396093056,350.446563720703,6.19207906723022,0.431894451379776,0,0,2.08937067406643,349.087056241274,0.896369562110165,3.68057094792355,1.3583596191017,0,2.32221132882185,0,3.2120940383163,1.23645844278455,0,0.211098396093056,0,1.7645371994387,0
1978,6,318.697631835938,25.472536561016,-4.01048040390015,0,1,3.81639413746525,318.793689306921,1.39773482860096,318.697631835938,25.472536561016,-4.01048040390015,0,1,3.26682830840127,320.529338952517,1.24285844448502,0.218703222268267,354.237670898438,6.84202527999878,1.09146618843079,0,0,2.11828360699026,350.415652709814,0.928661302998584,3.81639413746525,1.39773482860096,0,2.41865930886429,0,3.26682830840127,1.24285844448502,0,0.218703222268267,0,1.80526664164799,0
1978,9,321.038696289062,11.4526808038018,-0.69680917263031,0,1,3.97369187510667,320.124758971297,1.4461331607343,321.038696289062,11.4526808038018,-0.69680917263031,0,1,3.31402220006608,321.768104874127,1.24848049411765,0.217453228329739,355.238464355469,6.80454158782959,1.88469922542572,0,0,2.10525053253285,351.167667290839,0.923353557700391,3.97369187510667,1.4461331607343,0,2.52755871437237,0,3.31402220006608,1.24848049411765,0,0.217453228329739,0,1.8480884776187,0
1978,12,323.871429443359,11.1468108128652,7.5008692741394,0,1,4.13793077938985,321.528127459196,1.49700667872511,323.871429443359,11.1468108128652,7.5008692741394,0,1,3.36580610035126,323.037572971358,1.25678511572061,0.218268349408321,356.574554443359,7.11619281768799,3.17512392997742,0,0,2.10100581745493,352.138689595046,0.926814738542114,4.13793077938985,1.49700667872511,0,2.64092410066474,0,3.36580610035126,1.25678511572061,0,0.218268349408321,0,1.89075263522233,0
1979,3,324.793823242188,24.2390483730542,16.5024890899658,0,1,4.29050819011414,322.941268141039,1.53121609662471,324.793823242188,24.2390483730542,16.5024890899658,0,1,3.40503651464846,324.281006094777,1.25315929387876,0.217188562366204,356.752899169922,5.42757225036621,3.45447134971619,0,0,2.08866766938031,352.924431675146,0.922229728631908,4.29050819011414,1.53121609662471,0,2.75929209348943,0,3.40503651464846,1.25315929387876,0,0.217188562366204,0,1.93468865840349,0
1979,6,324.267883300781,28.5558655520289,13.4999418258667,0,1,4.44952823933444,324.364074093056,1.56561092953169,324.267883300781,28.5558655520289,13.4999418258667,0,1,3.45379818739667,325.501080864013,1.25306098132391,0.2176778676172,356.860595703125,8.69945430755615,3.40047931671143,0,0,2.08423413164949,353.72648505731,0.924307424823309,4.44952823933444,1.56561092953169,0,2.88391730980275,0,3.45379818739667,1.25306098132391,0,0.2176778676172,0,1.98305933845556,0
1979,9,327.340148925781,17.1704065918637,10.7366495132446,0,1,4.59846950757541,325.932940764079,1.60979677879891,327.340148925781,17.1704065918637,10.7366495132446,0,1,3.51507898494113,326.820682550904,1.27004501928533,0.219261100827226,357.600280761719,7.31444835662842,4.1434383392334,0,0,2.08400044997777,354.666151553344,0.931030176324291,4.59846950757541,1.60979677879891,0,2.9886727287765,0,3.51507898494113,1.27004501928533,0,0.219261100827226,0,2.02577286482857,0
1979,12,329.110382080078,23.8428295091763,10.0746603012085,0,1,4.64903668588206,327.408271292109,1.58204984002202,329.110382080078,23.8428295091763,10.0746603012085,0,1,3.52790398408392,328.069500062273,1.24873265551656,0.219518680397399,357.849273681641,8.25732040405273,6.22476148605347,0,0,2.07772249660629,355.508894371969,0.932123915030021,4.64903668588206,1.58204984002202,0,3.06698684586004,0,3.52790398408392,1.24873265551656,0,0.219518680397399,0,2.05965264816996,0
1980,3,330.989868164062,18.0461924125982,7.4033899307251,0,0,4.66983995712238,328.837332921265,1.53758950334998,330.989868164062,18.0461924125982,7.4033899307251,0,0,3.53310207113803,329.292337728652,1.22294402949394,0.220341183680039,358.164428710938,9.66786766052246,7.54290056228638,0,0,2.07414519336246,356.49572915873,0.935616442310851,4.66983995712238,1.53758950334998,0,3.1322504537724,0,3.53310207113803,1.22294402949394,0,0.220341183680039,0,2.08981685796404,0
1980,6,333.740783691406,26.3123384318551,4.57051610946655,0,1,4.65796457934362,330.243500920526,1.47895025567508,333.740783691406,26.3123384318551,4.57051610946655,0,1,3.52476190914741,330.509837615725,1.19227709283771,0.219488211100905,356.08203125,8.8497486114502,4.79822158813477,0,0,2.06729297574831,357.075713014837,0.931994535790473,4.65796457934362,1.47895025567508,0,3.17901432366854,0,3.52476190914741,1.19227709283771,0,0.219488211100905,0,2.11299660520879,0
1980,9,334.645111083984,19.7303428475387,6.66121387481689,0,0,4.60163455209508,331.523967610685,1.38503457661488,334.645111083984,19.7303428475387,6.66121387481689,0,0,3.49676391598598,331.652897839213,1.14052869945951,0.224332238895187,355.962371826172,8.80780124664307,1.32587110996246,0,0,2.08805689075936,357.999197922586,0.952563328131728,4.60163455209508,1.38503457661488,0,3.2165999754802,0,3.49676391598598,1.14052869945951,0,0.224332238895187,0,2.13190297763128,0
1980,12,333.116607666016,25.0096599792679,7.0087947845459,0,1,4.55698255058978,332.674462880434,1.2912054213484,333.116607666016,25.0096599792679,7.0087947845459,0,1,3.46812184747478,332.704131192115,1.08452076817652,0.228328865164559,357.81103515625,9.62799549102783,6.77771997451782,0,0,2.10239857479654,359.097089613089,0.969533869856812,4.55698255058978,1.2912054213484,0,3.26577712924137,0,3.46812184747478,1.08452076817652,0,0.228328865164559,0,2.1552722141337,0
1981,3,332.43603515625,24.1652266665793,6.59619379043579,0,1,4.55582634070828,333.793928875158,1.23021697888578,332.43603515625,24.1652266665793,6.59619379043579,0,1,3.46061471189726,333.735027030824,1.04831292310505,0.228449972198187,359.750885009766,8.77752113342285,6.98759508132935,0,0,2.09624591087335,360.220044960391,0.970048116581136,4.55582634070828,1.23021697888578,0,3.3256093618225,0,3.46061471189726,1.04831292310505,0,0.228449972198187,0,2.18385181659402,0
1981,6,333.682159423828,22.5797100947044,5.54033899307251,0,0,4.55866811442795,334.906399025189,1.17860064060498,333.682159423828,22.5797100947044,5.54033899307251,0,0,3.45590735776023,334.769006562774,1.02025042766481,0.224695982275567,359.006744384766,7.48833751678467,7.81903505325317,0,0,2.07434633852636,360.88736198307,0.954107861395012,4.55866811442795,1.17860064060498,0,3.38006747382297,0,3.45590735776023,1.02025042766481,0,0.224695982275567,0,2.21096094781986,0
1981,9,333.941741943359,23.0742511144954,4.60408353805542,0,1,4.53825958471254,335.904207211377,1.10632609443812,333.941741943359,23.0742511144954,4.60408353805542,0,1,3.44174744837789,335.731000270026,0.979807374347806,0.225096777944394,360.197662353516,7.29952526092529,7.87652778625488,0,0,2.07022307066602,362.038376130295,0.955809726709063,4.53825958471254,1.10632609443812,0,3.43193349027442,0,3.44174744837789,0.979807374347806,0,0.225096777944394,0,2.23684329608569,0
1981,12,335.367919921875,19.2220328996377,4.9899435043335,0,0,4.53451526155709,336.882319266123,1.05059689202129,335.367919921875,19.2220328996377,4.9899435043335,0,0,3.43100186235964,336.683637380443,0.948122597604452,0.220840577116483,359.102600097656,7.05227994918823,4.52694797515869,0,0,2.04677861543497,362.781000790983,0.937736975125078,4.53451526155709,1.05059689202129,0,3.4839183695358,0,3.43100186235964,0.948122597604452,0,0.220840577116483,0,2.2620386876387,0
1982,3,336.119415283203,21.5757127924379,4.65435552597046,0,0,4.52206992328289,337.77905393566,0.987099963612968,336.119415283203,21.5757127924379,4.65435552597046,0,0,3.41554430370222,337.583448113007,0.910308925871662,0.219630621420355,357.535888671875,5.81238269805908,5.53453922271729,0,0,2.04191548135982,363.417020582726,0.932599240885578,4.52206992328289,0.987099963612968,0,3.53496995966992,0,3.41554430370222,0.910308925871662,0,0.219630621420355,0,2.2856047564102,0
1982,6,336.853698730469,20.5932109963163,5.69283437728882,0,0,4.52378811547229,338.637055761017,0.934362730860843,336.853698730469,20.5932109963163,5.69283437728882,0,0,3.40838491012979,338.459332823217,0.876651338055308,0.223025934862621,357.991271972656,5.37435817718506,6.49524927139282,0,0,2.05914565363625,364.397626788873,0.94701647796458,4.52378811547229,0.934362730860843,0,3.58942538461145,0,3.40838491012979,0.876651338055308,0,0.223025934862621,0,2.30870763721186,0
1982,9,336.943908691406,21.9582984182002,6.27752017974854,0,0,4.53403282989653,339.44514501348,0.885292734648332,336.943908691406,21.9582984182002,6.27752017974854,0,0,3.3982075745597,339.291080420069,0.840986035327167,0.224853360108778,357.608520507812,6.3613657951355,3.97685670852661,0,0,2.07124428221118,365.186416663497,0.954776121798939,4.53403282989653,0.885292734648332,0,3.64874009524819,0,3.3982075745597,0.840986035327167,0,0.224853360108778,0,2.33236817912375,0
1982,12,336.311645507812,20.9788243068156,5.93993854522705,0,0,4.56235447606687,340.201265813336,0.844731358422346,336.311645507812,20.9788243068156,5.93993854522705,0,0,3.39761126510712,340.079835599734,0.809517228278151,0.228920938995328,357.648223876953,5.53194999694824,2.80404734611511,0,0,2.0958129465535,366.01994672181,0.97204794372116,4.56235447606687,0.844731358422346,0,3.71762311764452,0,3.39761126510712,0.809517228278151,0,0.228920938995328,0,2.35917309783365,0
1983,3,336.583038330078,12.989611768197,5.18223571777344,0,0,4.61524756674764,340.955725713629,0.822769205887093,336.583038330078,12.989611768197,5.18223571777344,0,0,3.41157910893323,340.864178347482,0.789673472650981,0.234442088275966,358.958099365234,5.21913862228394,2.50767707824707,0,0,2.12697884391069,366.989353883448,0.995491940713201,4.61524756674764,0.822769205887093,0,3.79247836086055,0,3.41157910893323,0.789673472650981,0,0.234442088275966,0,2.38746354800628,0
1983,6,336.679656982422,18.4494539231751,5.49657392501831,0,0,4.67641795280959,341.684028464372,0.804838124148282,336.679656982422,18.4494539231751,5.49657392501831,0,0,3.42682132676021,341.621040373972,0.771161391848203,0.239063608019325,361.208221435547,3.04846906661987,2.90864014625549,0,0,2.15217215221686,368.053939825788,1.01511591562399,4.67641795280959,0.804838124148282,0,3.87157982866131,0,3.42682132676021,0.771161391848203,0,0.239063608019325,0,2.41659632689268,0
1983,9,336.861694335938,14.5093975232191,7.28769159317017,0,0,4.75760703858013,342.397903577698,0.799195747962586,336.861694335938,14.5093975232191,7.28769159317017,0,0,3.45014479642415,342.359039736684,0.760330214477808,0.241375069400239,363.186309814453,6.03385210037231,3.82983779907227,0,0,2.16531711985835,369.051014724261,1.0249308818397,4.75760703858013,0.799195747962586,0,3.95841129061754,0,3.45014479642415,0.760330214477808,0,0.241375069400239,0,2.4484395125461,0
1983,12,337.872985839844,17.5232911214769,8.41834926605225,0,0,4.86003299096512,343.149977162704,0.811606574865975,337.872985839844,17.5232911214769,8.41834926605225,0,0,3.48622663734601,343.119941459582,0.7622080913507,0.242807827240436,365.251678466797,3.18787503242493,4.22915458679199,0,0,2.1728014657019,370.084340335846,1.03101468229293,4.86003299096512,0.811606574865975,0,4.04842641609915,0,3.48622663734601,0.7622080913507,0,0.242807827240436,0,2.48121071875488,0
1984,3,338.259857177734,11.0249685572175,10.4619302749634,0,0,4.96245364680024,343.87807770686,0.821563586878724,338.259857177734,11.0249685572175,10.4619302749634,0,0,3.52058124926051,343.854759043379,0.762859016430374,0.242746377593773,367.186950683594,4.0190544128418,4.66107797622681,0,0,2.17146536059385,371.110756858129,1.03075375376913,4.96245364680024,0.821563586878724,0,4.14089005992151,0,3.52058124926051,0.762859016430374,0,0.242746377593773,0,2.51497585523636,0
1984,6,339.661926269531,11.8191953242431,11.2010831832886,0,0,5.08528601442232,344.67111508281,0.85320751506156,339.661926269531,11.8191953242431,11.2010831832886,0,0,3.56973673480606,344.634261533908,0.779801550674927,0.241328558032537,368.900909423828,4.65562963485718,6.14986610412598,0,0,2.16209393668825,372.146897532756,1.02473338448742,5.08528601442232,0.85320751506156,0,4.23207849936076,0,3.56973673480606,0.779801550674927,0,0.241328558032537,0,2.5486066260986,0
1984,9,340.123504638672,19.7538472513954,12.5850429534912,0,0,5.19920205671997,345.466319176485,0.878924985722699,340.123504638672,19.7538472513954,12.5850429534912,0,0,3.61468144119335,345.409550039545,0.794525979027354,0.238383885705971,369.8603515625,3.73766088485718,7.00095081329346,0,0,2.14508052091916,373.073240873861,1.01222966729784,5.19920205671997,0.878924985722699,0,4.32027707099727,0,3.61468144119335,0.794525979027354,0,0.238383885705971,0,2.58177157646002,0
1984,12,341.169342041016,19.1844631987376,13.5942544937134,0,0,5.32078910818911,346.331021042941,0.915109389252742,341.169342041016,19.1844631987376,13.5942544937134,0,0,3.67010877810099,346.239019605235,0.81959838905091,0.235765225200415,370.677368164062,2.83661651611328,4.76729249954224,0,0,2.12880670912458,374.017595106405,1.00111026698915,5.32078910818911,0.915109389252742,0,4.40567971893637,0,3.67010877810099,0.81959838905091,0,0.235765225200415,0,2.61474516384966,0
1985,3,340.990844726562,22.8561208234408,12.682653427124,0,1,5.42383845976982,347.17304809012,0.934590289173578,340.990844726562,22.8561208234408,12.682653427124,0,1,3.71675909511819,347.052438626838,0.835749339025984,0.232893294033801,371.641448974609,5.41925525665283,4.58007144927979,0,0,2.11021626703714,374.978013205332,0.988915424537131,5.42383845976982,0.934590289173578,0,4.48924817059624,0,3.71675909511819,0.835749339025984,0,0.232893294033801,0,2.64811646205841,0
1985,6,342.372222900391,26.8220904000254,11.8802852630615,0,1,5.53493733533549,348.096756096595,0.967289486346496,342.372222900391,26.8220904000254,11.8802852630615,0,1,3.77382431870265,347.935659285699,0.864030560146931,0.229282790751721,372.518463134766,3.45384526252747,3.96353983879089,0,0,2.08749216078242,375.862914642707,0.973584444738836,5.53493733533549,0.967289486346496,0,4.567647848989,0,3.77382431870265,0.864030560146931,0,0.229282790751721,0,2.68051096780399,0
1985,9,342.908843994141,16.2656018756122,7.42509078979492,0,0,5.61291964042902,348.984321923086,0.973653477767163,342.908843994141,16.2656018756122,7.42509078979492,0,0,3.81358883679476,348.798950265338,0.876642794198353,0.225988686294033,374.033782958984,4.08710145950317,3.75438690185547,0,0,2.06448625818514,376.857653950916,0.959596962953417,5.61291964042902,0.973653477767163,0,4.63926616266186,0,3.81358883679476,0.876642794198353,0,0.225988686294033,0,2.71095735630238,0
1985,12,344.228607177734,15.0442115813846,4.04062604904175,0,0,5.69579982646724,349.898804898563,0.986871937747229,344.228607177734,15.0442115813846,4.04062604904175,0,0,3.85730027140757,349.692409154169,0.89542453193173,0.22082504949708,374.774871826172,2.85863947868347,4.18073034286499,0,0,2.03254363993061,377.66946290051,0.937671041486252,5.69579982646724,0.986871937747229,0,4.70892788872001,0,3.85730027140757,0.89542453193173,0,0.22082504949708,0,2.74105068997876,0
1986,3,346.165130615234,21.0082780895773,2.6086905002594,0,0,5.7705709256308,350.830926922555,0.995372721650666,346.165130615234,21.0082780895773,2.6086905002594,0,0,3.89804347072579,350.614360517181,0.91239621387863,0.21686632632222,375.703826904297,4.29562568664551,3.80064392089844,0,0,2.00573719284296,378.553537807657,0.920861444518964,5.7705709256308,0.995372721650666,0,4.77519820398013,0,3.89804347072579,0.91239621387863,0,0.21686632632222,0,2.76878093052494,0
1986,6,347.685394287109,9.85300619768152,3.11748886108398,0,0,5.83838257146343,351.73466731116,0.993553782240056,347.685394287109,9.85300619768152,3.11748886108398,0,0,3.92847600221197,351.524834475367,0.920170063844516,0.212522792480817,376.153137207031,2.7332067489624,2.98780250549316,0,0,1.97749875009994,379.321336281917,0.902417858023347,5.83838257146343,0.993553782240056,0,4.84482878922337,0,3.92847600221197,0.920170063844516,0,0.212522792480817,0,2.79578314588664,0
1986,9,348.801422119141,12.1223884663935,7.29039669036865,0,0,5.92735188886361,352.63787420026,1.0033601938717,348.801422119141,12.1223884663935,7.29039669036865,0,0,3.96576289698307,352.441231113673,0.931897024589665,0.209610114899872,377.105529785156,2.73782539367676,2.52733969688416,0,0,1.95543829841202,380.17794244647,0.890049997461064,5.92735188886361,1.0033601938717,0,4.92399169499191,0,3.96576289698307,0.931897024589665,0,0.209610114899872,0,2.82425575749353,0
1986,12,349.889343261719,25.8788073439527,17.6313190460205,0,1,6.042941032936,353.579776689225,1.03166932004495,349.889343261719,25.8788073439527,17.6313190460205,0,1,4.01162878571605,353.387080696431,0.951350311035358,0.206300445871504,377.640594482422,3.2439911365509,2.86057806015015,0,0,1.93194381402551,380.924124367273,0.875996425133684,6.042941032936,1.03166932004495,0,5.01127171289106,0,4.01162878571605,0.951350311035358,0,0.206300445871504,0,2.85397802880919,0
1987,3,349.894439697266,22.2327083855123,16.9894485473633,0,0,6.17146702947627,354.533961498701,1.06803407925617,349.894439697266,22.2327083855123,16.9894485473633,0,0,4.06172412205796,354.331027901517,0.971918934433378,0.204431619648919,378.379974365234,2.52525949478149,2.98551058769226,0,0,1.91532792858074,381.678425086697,0.868060983776472,6.17146702947627,1.06803407925617,0,5.1034329502201,0,4.06172412205796,0.971918934433378,0,0.204431619648919,0,2.88537356797567,0
1987,6,351.832733154297,18.0256672968487,13.4625387191772,0,0,6.30894532032373,355.594058992877,1.12426475495266,351.832733154297,18.0256672968487,13.4625387191772,0,0,4.124606763758,355.348438581757,1.00752656195286,0.203583703324426,379.452514648438,3.864830493927,3.49997115135193,0,0,1.90267394130529,382.492537945163,0.864460547209645,6.30894532032373,1.12426475495266,0,5.18468056537107,0,4.124606763758,1.00752656195286,0,0.203583703324426,0,2.91349649848071,0
1987,9,354.852233886719,20.9251017810903,13.3945426940918,0,0,6.39519260111732,356.711404849668,1.15522002545012,354.852233886719,20.9251017810903,13.3945426940918,0,0,4.16639049721388,356.414617313904,1.03179323043588,0.202557449728104,380.315185546875,3.5671124458313,3.98520374298096,0,0,1.88875021927496,383.251053040501,0.860102851917902,6.39519260111732,1.15522002545012,0,5.2399725756672,0,4.16639049721388,1.03179323043588,0,0.202557449728104,0,2.9320398170499,0
1987,12,355.118927001953,22.924590708536,11.9189586639404,0,1,6.42950170939545,357.740415596357,1.14361836897314,355.118927001953,22.924590708536,11.9189586639404,0,1,4.17969441628172,357.419231482934,1.02966435968983,0.202194971329795,382.017486572266,4.0448203086853,3.79432988166809,0,0,1.87583253673657,384.193765119758,0.858563690042776,6.42950170939545,1.14361836897314,0,5.28588334042231,0,4.17969441628172,1.02966435968983,0,0.202194971329795,0,2.94783508526209,0
1988,3,356.169799804688,24.3351070299298,10.4436225891113,0,1,6.48033766675159,358.810212250996,1.15042058581759,356.169799804688,24.3351070299298,10.4436225891113,0,1,4.20447160415376,358.460537066282,1.04116495259903,0.199169975041926,382.533386230469,3.84122228622437,3.36179256439209,0,0,1.85045761242827,384.88780069061,0.845718899896919,6.48033766675159,1.15042058581759,0,5.329917080934,0,4.20447160415376,1.04116495259903,0,0.199169975041926,0,2.9641366765128,0
1988,6,357.813018798828,27.7761628964063,13.2628126144409,0,1,6.5101452875919,359.879452360503,1.14700264449213,357.813018798828,27.7761628964063,13.2628126144409,0,1,4.2230243853608,359.517785331624,1.04872088458979,0.197859369739253,383.838928222656,4.81877994537354,3.60614967346191,0,0,1.83173597581186,385.774087334879,0.840153785604255,6.5101452875919,1.14700264449213,0,5.36314264309978,0,4.2230243853608,1.04872088458979,0,0.197859369739253,0,2.97644413103176,0
1988,9,359.177795410156,21.9004514979992,11.3372850418091,0,0,6.51923729759372,360.934289478419,1.13188466992362,359.177795410156,21.9004514979992,11.3372850418091,0,0,4.22676107521317,360.570743834652,1.04684798194565,0.194615246848926,384.423065185547,4.580726146698,4.09573554992676,0,0,1.80391153590294,386.48599647329,0.826378536391315,6.51923729759372,1.13188466992362,0,5.38735262767009,0,4.22676107521317,1.04684798194565,0,0.194615246848926,0,2.9852978464186,0
1988,12,359.102844238281,19.324949669802,6.5810751914978,0,0,6.51784430685,361.928989215342,1.10753659119585,359.102844238281,19.324949669802,6.5810751914978,0,0,4.22479506946151,361.583841373881,1.03786560473341,0.192395838097624,385.746734619141,4.44420051574707,4.30841302871704,0,0,1.77934232802216,387.339185005517,0.816954445600632,6.51784430685,1.10753659119585,0,5.41030771565415,0,4.22479506946151,1.03786560473341,0,0.192395838097624,0,2.99453362663048,0
1989,3,360.377593994141,21.953666838096,7.28091144561768,0,0,6.53381769172911,362.954342047228,1.10240350453356,360.377593994141,21.953666838096,7.28091144561768,0,0,4.23389481489132,362.631026710082,1.04214095272252,0.188342072907598,386.757781982422,4.34185218811035,5.02282285690308,0,0,1.74487940101153,388.119504336955,0.799741279629068,6.53381769172911,1.10240350453356,0,5.43141418719555,0,4.23389481489132,1.04214095272252,0,0.188342072907598,0,3.0034117892612,0
1989,6,361.562957763672,21.3586834481208,8.86703205108643,0,0,6.53835302875867,363.955300452591,1.08921713350737,361.562957763672,21.3586834481208,8.86703205108643,0,0,4.23341654958155,363.669052662763,1.03958021090158,0.183579650437175,387.518310546875,3.62249302864075,5.13173484802246,0,0,1.70620640018376,388.861132319084,0.779519001187335,6.53835302875867,1.08921713350737,0,5.4491358952513,0,4.23341654958155,1.03958021090158,0,0.183579650437175,0,3.0102566882428,0
1989,9,361.738098144531,23.3155915878895,10.1839981079102,0,1,6.55190435705279,364.925788050119,1.07965621641954,361.738098144531,23.3155915878895,10.1839981079102,0,1,4.23246619008306,364.684023363938,1.03524745046197,0.178479362413707,388.255981445312,2.96566724777222,4.45252561569214,0,0,1.66483049764166,389.605550934014,0.757862072348252,6.55190435705279,1.07965621641954,0,5.47224814063325,0,4.23246619008306,1.03524745046197,0,0.178479362413707,0,3.01873937720739,0
1989,12,362.460113525391,23.11367518856,12.6535758972168,0,1,6.58855543940085,365.927162017984,1.08965332632482,362.460113525391,23.11367518856,12.6535758972168,0,1,4.24268520857919,365.721592374313,1.0415035191349,0.172689336317324,388.453369140625,3.64525628089905,4.33611631393433,0,0,1.61997996163417,390.210518102469,0.733276366096212,6.58855543940085,1.08965332632482,0,5.49890211307604,0,4.24268520857919,1.0415035191349,0,0.172689336317324,0,3.02849235312696,0
1990,3,363.225341796875,23.7206298341183,11.8655862808228,0,1,6.62426099459427,366.943291649897,1.10113610394993,363.225341796875,23.7206298341183,11.8655862808228,0,1,4.25260185914642,366.767890560192,1.0470754190001,0.168259295012322,389.540130615234,4.57984828948975,3.79739928245544,0,0,1.57959008021072,390.985611731651,0.714465450152805,6.62426099459427,1.10113610394993,0,5.52312489064434,0,4.25260185914642,1.0470754190001,0,0.168259295012322,0,3.037267145134,0
1990,6,363.601409912109,24.4542272549222,12.0283708572388,0,1,6.65739745526766,367.956276642024,1.11126794992445,363.601409912109,24.4542272549222,12.0283708572388,0,1,4.25795334753889,367.804266496774,1.05005336098398,0.161753781139616,389.902770996094,4.44377756118774,3.75212454795837,0,0,1.52912221075248,391.597758010741,0.686841627663841,6.65739745526766,1.11126794992445,0,5.54612950534321,0,4.25795334753889,1.05005336098398,0,0.161753781139616,0,3.04614620541529,0
1990,9,364.751190185547,24.8243136795309,12.4360847473145,0,1,6.69424406145276,368.997899106556,1.12883735720963,364.751190185547,24.8243136795309,12.4360847473145,0,1,4.26875686848801,368.860685223561,1.05878752878974,0.155896238392938,389.969177246094,4.0219030380249,3.57529377937317,0,0,1.48224551586621,392.19967342028,0.661969231075065,6.69424406145276,1.12883735720963,0,5.56540670424313,0,4.26875686848801,1.05878752878974,0,0.155896238392938,0,3.05407310130533,0
1990,12,366.652893066406,28.20667903932,16.672046661377,0,1,6.71747894806892,370.090620384866,1.14271434040224,366.652893066406,28.20667903932,16.672046661377,0,1,4.27365854312832,369.953699783951,1.06516087556131,0.150641032903748,389.054260253906,3.34459328651428,2.59047675132751,0,0,1.44081771424503,392.63913146207,0.639654489085893,6.71747894806892,1.14271434040224,0,5.57476460766668,0,4.27365854312832,1.06516087556131,0,0.150641032903748,0,3.05785663466326,0
1991,3,365.093292236328,24.6408877883258,14.0623083114624,0,1,6.7162577264082,371.068147379575,1.12772850499106,365.093292236328,24.6408877883258,14.0623083114624,0,1,4.26309662762152,370.950529277758,1.05033503926407,0.148666482687942,388.585113525391,3.53483724594116,2.48343753814697,0,0,1.41674364964847,393.098092143539,0.631270120729412,6.7162577264082,1.12772850499106,0,5.58852922141714,0,4.26309662762152,1.05033503926407,0,0.148666482687942,0,3.06409510566951,0
1991,6,366.795196533203,23.3368719222373,13.3223791122437,0,1,6.75932251658468,372.184311237569,1.15905974197531,366.795196533203,23.3368719222373,13.3223791122437,0,1,4.2872926046045,372.051336536194,1.06784452826901,0.149163033498193,389.36181640625,3.07157850265503,2.0353946685791,0,0,1.4036382923733,393.747139073228,0.633378583136458,6.75932251658468,1.15905974197531,0,5.60026277460937,0,4.2872926046045,1.06784452826901,0,0.149163033498193,0,3.0702850428373,0
1991,9,367.433959960938,23.4881125773115,14.0541715621948,0,1,6.75124885055867,373.232075847956,1.15082076206172,367.433959960938,23.4881125773115,14.0541715621948,0,1,4.28026328990472,373.096306930731,1.0595041165341,0.148597670876963,389.866058349609,3.58539938926697,1.82766544818878,0,0,1.38586694674342,394.304022375313,0.630977930859585,6.75124885055867,1.15082076206172,0,5.60042808849695,0,4.28026328990472,1.0595041165341,0,0.148597670876963,0,3.07216150249365,0
1991,12,368.636444091797,22.087693810202,13.7531003952026,0,0,6.74905791326985,374.306766811532,1.15148122226321,368.636444091797,22.087693810202,13.7531003952026,0,0,4.27972038368287,374.160868215426,1.05752234409913,0.148773492752993,390.213653564453,3.13477063179016,1.32475316524506,0,0,1.3724542298318,394.81545581746,0.631724508668529,6.74905791326985,1.15148122226321,0,5.59757669100664,0,4.27972038368287,1.05752234409913,0,0.148773492752993,0,3.07342454683074,0
1992,3,369.030120849609,22.6871334813944,8.7847375869751,0,0,6.73296609598077,375.34699721465,1.14111056838438,369.030120849609,22.6871334813944,8.7847375869751,0,0,4.27210084073323,375.194910843177,1.04760216358415,0.150407379315004,391.403747558594,3.04982948303223,0.454314708709717,0,0,1.3651559568507,395.466367937207,0.638662345285164,6.73296609598077,1.14111056838438,0,5.59185552759639,0,4.27210084073323,1.04760216358415,0,0.150407379315004,0,3.07409129783407,0
1992,6,370.407989501953,24.1087504219634,6.37981367111206,0,1,6.72291615425796,376.413621544382,1.13882972646673,370.407989501953,24.1087504219634,6.37981367111206,0,1,4.26863524371488,376.247190249961,1.04344259980192,0.150980811850068,392.482269287109,2.81307339668274,0.205147206783295,0,0,1.3524990434739,396.070376406629,0.64109726416597,6.72291615425796,1.13882972646673,0,5.58408642779123,0,4.26863524371488,1.04344259980192,0,0.150980811850068,0,3.0742118320629,0
1992,9,371.432403564453,23.4259335446151,6.08641862869263,0,1,6.70058008095273,377.441588254744,1.12372044346681,371.432403564453,23.4259335446151,6.08641862869263,0,1,4.25560905420856,377.269870225859,1.03022368200771,0.151491456364242,393.466064453125,2.3625819683075,-0.141362249851227,0,0,1.33965883886035,396.653647102968,0.643265571495801,6.70058008095273,1.12372044346681,0,5.57685963748592,0,4.25560905420856,1.03022368200771,0,0.151491456364242,0,3.0738939158366,0
1992,12,372.599395751953,17.1325569741305,8.07501029968262,0,0,6.69276966553545,378.451055080015,1.11627218729208,372.599395751953,17.1325569741305,8.07501029968262,0,0,4.24656143358728,378.274624400312,1.01919087312993,0.152382263591765,394.502807617188,2.92038321495056,-0.111699491739273,0,0,1.32869064007241,397.28143993698,0.647048132136893,6.69276966553545,1.11627218729208,0,5.57649747824337,0,4.24656143358728,1.01919087312993,0,0.152382263591765,0,3.07498829686558,0
1993,3,374.657867431641,19.519813977427,7.50520181655884,0,0,6.70162923163124,379.498527416672,1.12388387148617,374.657867431641,19.519813977427,7.50520181655884,0,0,4.24252392755152,379.297286837142,1.01448418815589,0.153048639858094,394.670318603516,2.74875521659851,-0.229674726724625,0,0,1.31858934807469,397.768882257714,0.649877710253568,6.70162923163124,1.12388387148617,0,5.57774536014507,0,4.24252392755152,1.01448418815589,0,0.153048639858094,0,3.07499109953754,0
1993,6,375.651916503906,17.4748555463086,11.0037145614624,0,0,6.70522899926742,380.51931492902,1.1233784729476,375.651916503906,17.4748555463086,11.0037145614624,0,0,4.23195499727382,380.286578888109,1.00123967523202,0.15616922070105,395.250122070312,3.02484250068665,-0.327130645513535,0,0,1.3212451057766,398.372198548989,0.663128373145845,6.70522899926742,1.1233784729476,0,5.58185052631982,0,4.23195499727382,1.00123967523202,0,0.15616922070105,0,3.07454610134075,0
1993,9,376.135772705078,20.1941497213818,11.6731605529785,0,0,6.72996865597026,381.545074026177,1.13604351107014,376.135772705078,20.1941497213818,11.6731605529785,0,0,4.22940892024668,381.260583625628,0.993333410988057,0.159779685676611,395.726531982422,2.23010635375977,-0.222918003797531,0,0,1.32755794128558,398.915436324216,0.678459190286359,6.72996865597026,1.13604351107014,0,5.59392514490012,0,4.22940892024668,0.993333410988057,0,0.159779685676611,0,3.07629582358202,0
1993,12,377.843231201172,20.7460870815924,12.1122303009033,0,0,6.76886324331643,382.643504693067,1.16438059438582,377.843231201172,20.7460870815924,12.1122303009033,0,0,4.23677279211952,382.271715475366,0.995017885439728,0.16510744982199,397.077697753906,2.05203461647034,-0.00404837355017662,0,0,1.34151440422551,399.637322920686,0.701082032062541,6.76886324331643,1.16438059438582,0,5.60448264893061,0,4.23677279211952,0.995017885439728,0,0.16510744982199,0,3.0766474568578,0
1994,3,378.565521240234,21.6320083555667,12.2674760818481,0,0,6.78438841446709,383.714209945309,1.17259138987873,378.565521240234,21.6320083555667,12.2674760818481,0,0,4.22735231231688,383.240304610294,0.982746762134985,0.169204904711987,398.043090820312,1.8110032081604,-0.088861845433712,0,0,1.35002967465545,400.263982258073,0.718480713973389,6.78438841446709,1.17259138987873,0,5.61179702458836,0,4.22735231231688,0.982746762134985,0,0.169204904711987,0,3.07540064546991,0
1994,6,380.288909912109,19.1894096127693,13.0572805404663,0,0,6.80281617054603,384.824764813938,1.18734778669194,380.288909912109,19.1894096127693,13.0572805404663,0,0,4.22337525891375,384.224951730107,0.976639827889922,0.174135860715058,399.389678955078,2.68254065513611,0.622413277626038,0,0,1.36203947837765,401.017143506414,0.739418622337736,6.80281617054603,1.18734778669194,0,5.61546838385409,0,4.22337525891375,0.976639827889922,0,0.174135860715058,0,3.07259957030877,0
1994,9,382.287567138672,17.0717340280866,14.2160606384277,0,0,6.79521176910174,385.943823687122,1.18680109088955,382.287567138672,17.0717340280866,14.2160606384277,0,0,4.20453351533617,385.200858995792,0.961435533019936,0.177987649829636,399.972442626953,2.22696471214294,1.14672160148621,0,0,1.37003340863149,401.646172677955,0.755774154098634,6.79521176910174,1.18680109088955,0,5.60841067821219,0,4.20453351533617,0.961435533019936,0,0.177987649829636,0,3.0651103324866,0
1994,12,382.643218994141,20.1637399724758,18.9109001159668,0,0,6.76423727078597,386.99597105339,1.16614830215308,382.643218994141,20.1637399724758,18.9109001159668,0,0,4.17335910749664,386.112481616894,0.933549630394126,0.183330517552517,401.110992431641,2.0271999835968,1.73539078235626,0,0,1.38489580250708,402.437156489712,0.778461128939792,6.76423727078597,1.16614830215308,0,5.5980889686329,0,4.17335910749664,0.933549630394126,0,0.183330517552517,0,3.05647895954999,0
1995,3,384.560852050781,18.3489946024972,18.0837821960449,0,0,6.73862837529712,388.09967331555,1.16009533277386,384.560852050781,18.3489946024972,18.0837821960449,0,0,4.14910685151853,387.050083830958,0.916830331413021,0.187585167192285,401.465850830078,2.09077000617981,2.17099452018738,0,0,1.39578279699944,403.12135735827,0.796527293842577,6.73862837529712,1.16009533277386,0,5.57853304252326,0,4.14910685151853,0.916830331413021,0,0.187585167192285,0,3.04469135291323,0
1995,6,385.690460205078,19.9122290598634,20.9992809295654,0,0,6.66470495817193,389.149952656548,1.12307831915328,385.690460205078,19.9122290598634,20.9992809295654,0,0,4.10244709459522,387.938140247253,0.882472893011821,0.193131729433245,401.763122558594,2.36793756484985,2.44732427597046,0,0,1.41401284379745,403.837676303759,0.820079199774418,6.66470495817193,1.12307831915328,0,5.54162663901865,0,4.10244709459522,0.882472893011821,0,0.193131729433245,0,3.02684247215016,0
1995,9,386.105926513672,16.3153043390689,20.226879119873,0,0,6.56464328151447,390.129271762355,1.07135938238254,386.105926513672,16.3153043390689,20.226879119873,0,0,4.04682109315893,388.767714287437,0.84121212064635,0.19965644646688,402.6103515625,1.90228998661041,2.42128491401672,0,0,1.43685236514927,404.670011125752,0.847784563048489,6.56464328151447,1.07135938238254,0,5.49328389913193,0,4.04682109315893,0.84121212064635,0,0.19965644646688,0,3.0059525260457,0
1995,12,387.7421875,16.6291142252207,18.4958686828613,0,0,6.44642403709487,391.11026304486,1.0205416932448,387.7421875,16.6291142252207,18.4958686828613,0,0,3.98857786370364,389.597203913766,0.804047192579212,0.205448345142729,403.287506103516,2.00056600570679,2.71342253684998,0,0,1.45657929331297,405.487500216304,0.872378220678975,6.44642403709487,1.0205416932448,0,5.42588234385007,0,3.98857786370364,0.804047192579212,0,0.205448345142729,0,2.9790823259817,0
1996,3,387.491363525391,19.9365393587182,16.7327442169189,0,0,6.27825107497921,391.956786149651,0.934890741000493,387.491363525391,19.9365393587182,16.7327442169189,0,0,3.90619005963982,390.326427894766,0.746845429669333,0.211242804137511,404.033325195312,1.5696028470993,2.33700060844421,0,0,1.47664137524973,406.302592955765,0.8969827499788,6.27825107497921,0.934890741000493,0,5.34336033397871,0,3.90619005963982,0.746845429669333,0,0.211242804137511,0,2.94810182583297,0
1996,6,387.92822265625,17.998485307406,14.5349636077881,0,0,6.11026457909185,392.759522849438,0.858258956773837,387.92822265625,17.998485307406,14.5349636077881,0,0,3.83154065373983,391.031014119924,0.698782674835767,0.217337318494945,405.687316894531,1.89742207527161,2.21191143989563,0,0,1.49652749539702,407.310485702027,0.922861379409219,6.11026457909185,0.858258956773837,0,5.25200562231801,0,3.83154065373983,0.698782674835767,0,0.217337318494945,0,2.91542066040912,0
1996,9,388.285552978516,20.058603412206,15.6123819351196,0,0,5.91867105918629,393.471493584485,0.769548550258659,388.285552978516,20.058603412206,15.6123819351196,0,0,3.74429928613986,391.674128282397,0.644175354705858,0.220663926136981,406.580993652344,1.82047927379608,2.22205924987793,0,0,1.50352404499253,408.170986924404,0.936986876763019,5.91867105918629,0.769548550258659,0,5.14912250892763,0,3.74429928613986,0.644175354705858,0,0.220663926136981,0,2.87946000529702,0
1996,12,388.557220458984,18.3519432313054,13.4327306747437,0,0,5.71514815809374,394.100071840196,0.676633666718894,388.557220458984,18.3519432313054,13.4327306747437,0,0,3.65389703293361,392.264423126788,0.587994283702456,0.224306001266443,407.613922119141,2.27064609527588,2.23103094100952,0,0,1.51201758932196,409.111680492491,0.952451917470998,5.71514815809374,0.676633666718894,0,5.03851449137485,0,3.65389703293361,0.587994283702456,0,0.224306001266443,0,2.84159674796471,0
1997,3,388.284362792969,14.2551777045652,9.07334804534912,0,0,5.50197969978918,394.59490021236,0.578669298466453,388.284362792969,14.2551777045652,9.07334804534912,0,0,3.55852011449578,392.759967453533,0.52840260063734,0.227074650293997,408.25732421875,1.56831002235413,2.09291863441467,0,0,1.51707802814463,409.941178645033,0.96420820156598,5.50197969978918,0.578669298466453,0,4.92331040132273,0,3.55852011449578,0.52840260063734,0,0.227074650293997,0,2.80304286356444,0
1997,6,391.649444580078,14.4766622098532,5.29199314117432,0,0,5.29443181471864,395.118983428446,0.504848342753439,391.649444580078,14.4766622098532,5.29199314117432,0,0,3.47545006720519,393.295800994685,0.487596077851118,0.231059643025004,409.908416748047,2.08161902427673,2.41810727119446,0,0,1.52635147113932,410.994193479233,0.981129344764674,5.29443181471864,0.504848342753439,0,4.78958347196521,0,3.47545006720519,0.487596077851118,0,0.231059643025004,0,2.75679434632906,0
1997,9,392.428161621094,18.1053561748165,5.80096054077148,0,0,5.0257921770645,395.439444981444,0.382868758245244,392.428161621094,18.1053561748165,5.80096054077148,0,0,3.34881584374115,393.6844602776,0.412177806910605,0.232380546374082,411.149353027344,0.932803511619568,2.71766972541809,0,0,1.52261210297012,411.954147619766,0.986738186795292,5.0257921770645,0.382868758245244,0,4.64292341881926,0,3.34881584374115,0.412177806910605,0,0.232380546374082,0,2.70425749045646,0
1997,12,393.322448730469,17.4962412594552,6.33400964736938,0,0,4.78632011297029,395.696112435978,0.286445513220372,393.322448730469,17.4962412594552,6.33400964736938,0,0,3.23663968946595,394.03299589332,0.351244647107503,0.233026159383027,411.999694824219,1.26385176181793,2.93935918807983,0,0,1.51585530980853,412.870359199516,0.989479599619032,4.78632011297029,0.286445513220372,0,4.49987459974992,0,3.23663968946595,0.351244647107503,0,0.233026159383027,0,2.65236888297542,0
1998,3,393.764007568359,16.3841574199991,9.16633796691895,0,0,4.55146690339616,395.86174680493,0.195373867818507,393.764007568359,16.3841574199991,9.16633796691895,0,0,3.12384124171556,394.315351584946,0.290819652048051,0.233829746604837,412.998077392578,1.1768000125885,2.96884703636169,0,0,1.50953467598232,413.833510901218,0.992891805204022,4.55146690339616,0.195373867818507,0,4.35609303557766,0,3.12384124171556,0.290819652048051,0,0.233829746604837,0,2.59919184306268,0
1998,6,393.854858398438,21.5029386658516,12.4718685150146,0,0,4.32679201797744,395.980170211888,0.11508014232413,393.854858398438,21.5029386658516,12.4718685150146,0,0,3.01445129321083,394.560501835797,0.235035852839482,0.233955165068727,413.919525146484,1.22306394577026,2.90989804267883,0,0,1.49973845938995,414.778681038464,0.993424359196086,4.32679201797744,0.11508014232413,0,4.21171187565331,0,3.01445129321083,0.235035852839482,0,0.233955165068727,0,2.54546027530263,0
1998,9,391.479888916016,12.9761755503987,12.471435546875,0,0,4.10146252919797,395.971993490665,0.027269699693211,391.479888916016,12.9761755503987,12.471435546875,0,0,2.9021336008909,394.703417192992,0.1726015289339,0.233707259824635,415.171295166016,1.41731715202332,3.0213668346405,0,0,1.48723290456427,415.759324683091,0.992371699776572,4.10146252919797,0.027269699693211,0,4.07419282950476,0,2.9021336008909,0.1726015289339,0,0.233707259824635,0,2.49582481213236,0
1998,12,388.847045898438,9.67342239875834,10.1740913391113,0,0,3.91534476758495,395.912767083442,-0.0322834120224127,388.847045898438,9.67342239875834,10.1740913391113,0,0,2.8163981882729,394.804711122634,0.130676616875131,0.232311330668515,416.767547607422,1.27341103553772,2.58969473838806,0,0,1.46755402666885,416.793141655358,0.986444281901468,3.91534476758495,-0,-0.0322834120224127,3.94762817960736,0,2.8163981882729,0.130676616875131,0,0.232311330668515,0,2.45341024072925,0
1999,3,387.667846679688,11.8126416306874,6.3727502822876,0,0,3.75277786560757,395.850195236658,-0.069216873525709,387.667846679688,11.8126416306874,6.3727502822876,0,0,2.75115073608127,394.907591175899,0.108401860074425,0.22875803478416,417.702362060547,1.00170707702637,2.31248021125793,0,0,1.43726307824666,417.700345173928,0.971356217118148,3.75277786560757,-0,-0.069216873525709,3.82199473913328,0,2.75115073608127,0.108401860074425,0,0.22875803478416,0,2.41399084122269,0
1999,6,386.792083740234,4.37011225105105,2.59711170196533,0,0,3.58922812474987,395.713508091528,-0.107086602284454,386.792083740234,4.37011225105105,2.59711170196533,0,0,2.69112982893007,394.964862858949,0.0897566806916644,0.225228307091232,418.533264160156,1.38612937927246,2.22590923309326,0,0,1.40683690296824,418.570152471539,0.956368227985899,3.58922812474987,-0,-0.107086602284454,3.69631472703433,0,2.69112982893007,0.0897566806916644,0,0.225228307091232,0,2.37614484114717,0
1999,9,388.239654541016,9.84400115493943,2.73560523986816,0,0,3.45107132487989,395.621967296467,-0.116858691510091,388.239654541016,9.84400115493943,2.73560523986816,0,0,2.65127752485052,395.071794458278,0.0921606594722168,0.222034151738061,419.851013183594,1.46999669075012,2.57707810401917,0,0,1.37655696996457,419.506819786197,0.942805151770144,3.45107132487989,-0,-0.116858691510091,3.56793001638998,0,2.65127752485052,0.0921606594722168,0,0.222034151738061,0,2.33708271364024,0
1999,12,388.143402099609,9.91376248523534,1.3217601776123,0,0,3.3048855127405,395.43876979273,-0.137983867453674,388.143402099609,9.91376248523534,1.3217601776123,0,0,2.60078471529815,395.114313741628,0.0846000034153793,0.217590893419184,421.478302001953,1.87719976902008,2.67469429969788,0,0,1.33838450000251,420.492242664321,0.923938113519986,3.3048855127405,-0,-0.137983867453674,3.44286938019417,0,2.60078471529815,0.0846000034153793,0,0.217590893419184,0,2.29859381846359,0
2000,3,390.23876953125,10.3975272799536,1.92153072357178,0,0,3.20485649580623,395.355801885893,-0.115810631153744,390.23876953125,10.3975272799536,1.92153072357178,0,0,2.57602346385814,395.238513023733,0.104749450113135,0.210863677276146,421.839935302734,2.09063911437988,3.06024765968323,0,0,1.28975864489383,421.212300731615,0.895372895119666,3.20485649580623,-0,-0.115810631153744,3.32066712695997,0,2.57602346385814,0.104749450113135,0,0.210863677276146,0,2.26041033646886,0
2000,6,390.269409179688,8.33362922071773,1.38092076778412,0,0,3.09086776229747,395.211738999958,-0.110796762096096,390.269409179688,8.33362922071773,1.38092076778412,0,0,2.54042272953657,395.319501178842,0.111746248533861,0.206132870460346,423.645141601562,1.39305639266968,3.63055109977722,0,0,1.24788183286348,422.240359885886,0.875284863602663,3.09086776229747,-0,-0.110796762096096,3.20166452439357,0,2.54042272953657,0.111746248533861,0,0.206132870460346,0,2.22254361054236,0
2000,9,390.829254150391,7.34717367531987,0.915291666984558,0,0,3.0215138739683,395.141897829773,-0.071207787354122,390.829254150391,7.34717367531987,0.915291666984558,0,0,2.5253208725747,395.453054798392,0.139493592178172,0.197444655116217,423.746978759766,1.92516613006592,3.74776244163513,0,0,1.18775996371098,422.915282408592,0.838392817392598,3.0215138739683,-0,-0.071207787354122,3.09272166132242,0,2.5253208725747,0.139493592178172,0,0.197444655116217,0,2.18838262528031,0
2000,12,390.701843261719,7.81082637855467,1.45232534408569,0,0,2.96492539471131,395.089197269964,-0.0263716664853828,390.701843261719,7.81082637855467,1.45232534408569,0,0,2.51895173531017,395.601609291452,0.171255154940244,0.190821284627925,424.342590332031,1.97602581977844,3.68028330802917,0,0,1.13675448587608,423.738619059675,0.8102685501591,2.96492539471131,-0,-0.0263716664853828,2.99129706119669,0,2.51895173531017,0.171255154940244,0,0.190821284627925,0,2.156875295742,0
2001,3,391.424530029297,8.08109454008932,2.42608737945557,0,0,2.9383335465054,395.129438097205,0.0418206674242043,391.424530029297,8.08109454008932,2.42608737945557,0,0,2.52834799992485,395.819119139311,0.21792769333796,0.183064257146051,424.013854980469,2.59208202362061,3.12917280197144,0,0,1.08138949299992,424.348027940992,0.777330529520903,2.9383335465054,0.0418206674242043,0,2.89651287908119,0,2.52834799992485,0.21792769333796,0,0.183064257146051,0,2.12735604944084,0
2001,6,391.672821044922,8.21754512593549,2.18990731239319,0,0,2.9160704376197,395.215647151747,0.109925553218058,391.672821044922,8.21754512593549,2.18990731239319,0,0,2.54086226057936,396.07039775897,0.264427371454751,0.177512510575434,424.636596679688,1.50943696498871,1.8065037727356,0,0,1.03567526115041,425.144977761513,0.753756609801222,2.9160704376197,0.109925553218058,0,2.80614488440165,0,2.54086226057936,0.264427371454751,0,0.177512510575434,0,2.09892237854918,0
2001,9,392.489379882812,7.42576902126991,1.60569715499878,0,0,2.90992480756472,395.396938906434,0.190483532016761,392.489379882812,7.42576902126991,1.60569715499878,0,0,2.56093444325576,396.389673613548,0.319047546160734,0.170368380929376,424.235015869141,1.03103744983673,1.07630443572998,0,0,0.983969436243672,425.680714219773,0.723421086268053,2.90992480756472,0.190483532016761,0,2.71944127554796,0,2.56093444325576,0.319047546160734,0,0.170368380929376,0,2.07151851616565,0
2001,12,393.101043701172,6.27109735018023,0.975650906562805,0,0,2.90206146691152,395.652422364312,0.267246947359269,393.101043701172,6.27109735018023,0.975650906562805,0,0,2.58307924499635,396.76679027251,0.372624629853505,0.166007390605028,424.509704589844,1.92566728591919,0.231597751379013,0,0,0.945906660808967,426.314532265305,0.704903375760775,2.90206146691152,0.267246947359269,0,2.63481451955225,0,2.58307924499635,0.372624629853505,0,0.166007390605028,0,2.04444722453782,0
2002,3,392.213073730469,4.30573157976124,0.402459055185318,0,0,2.90240253903049,395.906495474352,0.340282534015448,392.213073730469,4.30573157976124,0.402459055185318,0,0,2.60707397851103,397.139498426833,0.422962523594599,0.162132707271471,425.342498779297,1.22611713409424,-0.677904427051544,0,0,0.90978683971839,426.967612196588,0.688450630181951,2.90240253903049,0.340282534015448,0,2.56212000501504,0,2.60707397851103,0.422962523594599,0,0.162132707271471,0,2.02197874764496,0
2002,6,395.599029541016,5.85703060610182,-0.928375005722046,0,0,2.94325419127448,396.404080897836,0.457490313581461,395.599029541016,5.85703060610182,-0.928375005722046,0,0,2.66014309923446,397.701307410804,0.504917446854392,0.158120784909172,425.952911376953,2.19486474990845,-0.671096861362457,0,0,0.873370988017171,427.579177738803,0.671415137929662,2.94325419127448,0.457490313581461,0,2.48576387769302,0,2.66014309923446,0.504917446854392,0,0.158120784909172,0,1.9971048674709,0
2002,9,395.235870361328,7.48872094188237,-0.738375544548035,0,0,2.92742749141276,396.838372569539,0.517256992451143,395.235870361328,7.48872094188237,-0.738375544548035,0,0,2.67365045429809,398.211189992661,0.547510841802873,0.15458070563944,426.358703613281,2.1280689239502,-0.638852000236511,0,0,0.840562409200651,428.149517854019,0.656383193757779,2.92742749141276,0.517256992451143,0,2.41017049896162,0,2.67365045429809,0.547510841802873,0,0.15458070563944,0,1.97155890685578,0
2002,12,395.502197265625,8.7376622897561,-0.00188559293746948,0,0,2.96669356665285,397.404599794158,0.614103907831678,395.502197265625,8.7376622897561,-0.00188559293746948,0,0,2.71969504934844,398.8220405622,0.61469539077006,0.152115902398045,426.482574462891,1.41924703121185,-0.745612144470215,0,0,0.814660076261694,428.657793873796,0.645917104753472,2.96669356665285,0.614103907831678,0,2.35258965882117,0,2.71969504934844,0.61469539077006,0,0.152115902398045,0,1.95288375618034,0
2003,3,396.315277099609,6.95818757148599,0.133124947547913,0,0,3.0140379282701,398.062287090005,0.71251216906046,396.315277099609,6.95818757148599,0.133124947547913,0,0,2.77026805347672,399.502247950688,0.68288236244231,0.15161562276326,427.007415771484,1.23220467567444,-0.900479078292847,0,0,0.798963881818305,429.219611738733,0.643792808948933,3.0140379282701,0.71251216906046,0,2.30152575920964,0,2.77026805347672,0.68288236244231,0,0.15161562276326,0,1.93577006827115,0
2003,6,397.98974609375,7.00757268538642,1.23942995071411,0,0,3.06301629190085,398.830193444209,0.810644165419765,397.98974609375,7.00757268538642,1.23942995071411,0,0,2.82083472255525,400.26549873324,0.750718067588207,0.151917316991557,427.8896484375,1.51333403587341,-0.716017663478851,0,0,0.787196072694499,429.798314926096,0.645073868058403,3.06301629190085,0.810644165419765,0,2.25237212648108,0,2.82083472255525,0.750718067588207,0,0.151917316991557,0,1.91819933797549,0
2003,9,399.177581787109,5.25231992271459,0.94284850358963,0,0,3.09892113559116,399.65704554853,0.893553485504204,399.177581787109,5.25231992271459,0.94284850358963,0,0,2.86119153072824,401.071382111178,0.807999495629271,0.152562825262766,429.5390625,1.82670617103577,-0.707763850688934,0,0,0.775704493046047,430.505753713701,0.647814836143009,3.09892113559116,0.893553485504204,0,2.20536765008696,0,2.86119153072824,0.807999495629271,0,0.152562825262766,0,1.9006292098362,0
2003,12,400.434478759766,5.73732418098223,1.33037889003754,0,0,3.1371696773444,400.561077211083,0.97495434856468,400.434478759766,5.73732418098223,1.33037889003754,0,0,2.90012785300463,401.933347450003,0.864514005588232,0.151237855805289,430.693237304688,1.78811538219452,-0.729076087474823,0,0,0.754616781658004,431.127921050493,0.642188728534477,3.1371696773444,0.97495434856468,0,2.16221532877972,0,2.90012785300463,0.864514005588232,0,0.151237855805289,0,1.88437599161111,0
2004,3,402.312133789062,6.63463559874265,1.31386387348175,0,0,3.1701421556421,401.565871035969,1.05192664374702,402.312133789062,6.63463559874265,1.31386387348175,0,0,2.93714842402441,402.874667067781,0.920024085042705,0.149602530995577,431.258178710938,2.19479560852051,-0.943215429782867,0,0,0.732963994699068,431.680464714058,0.635244784806247,3.1701421556421,1.05192664374702,0,2.11821551189507,0,2.93714842402441,0.920024085042705,0,0.149602530995577,0,1.86752180798613,0
2004,6,402.293212890625,5.25835030424924,1.09047269821167,0,0,3.18451008377824,402.562778564202,1.10382868966909,402.293212890625,5.25835030424924,1.09047269821167,0,0,2.9611789413072,403.811281031251,0.959133281289341,0.148839396748622,432.030334472656,2.27918171882629,-1.04523694515228,0,0,0.715880902624073,432.271136906145,0.632004351323881,3.18451008377824,1.10382868966909,0,2.08068139410914,0,2.9611789413072,0.959133281289341,0,0.148839396748622,0,1.85320626326924,0
2004,9,403.470336914062,5.96590875796318,1.14194345474243,0,0,3.22370405719645,403.647826106792,1.1731870910714,403.470336914062,5.96590875796318,1.14194345474243,0,0,3.00074478658595,404.819508452363,1.01084889773642,0.148100346477312,432.973999023438,1.42948412895203,-0.899122893810272,0,0,0.698831584077672,432.863774600728,0.628866183624209,3.22370405719645,1.1731870910714,0,2.05051696612505,0,3.00074478658595,1.01084889773642,0,0.148100346477312,0,1.84179554237221,0
2004,12,406.607635498047,4.73121773756393,0.992725431919098,0,0,3.2487448405838,404.848702974943,1.23721436153026,406.607635498047,4.73121773756393,0.992725431919098,0,0,3.03358793473036,405.9230326769,1.06045140279014,0.147235480836581,433.989288330078,2.16268920898438,-0.450220346450806,0,0,0.680885535383319,433.479041264026,0.62519377658553,3.2487448405838,1.23721436153026,0,2.01153047905354,0,3.03358793473036,1.06045140279014,0,0.147235480836581,0,1.82590105110363,0
2005,3,406.445953369141,4.93881582051511,1.16157710552216,0,0,3.2328178640948,405.967672040361,1.25628068233063,406.445953369141,4.93881582051511,1.16157710552216,0,0,3.03565479965215,406.964800142002,1.07856602132445,0.145760447538875,435.092254638672,2.83665990829468,0.133650705218315,0,0,0.659690614500588,434.11701312216,0.618930465373162,3.2328178640948,1.25628068233063,0,1.97653718176417,0,3.03565479965215,1.07856602132445,0,0.145760447538875,0,1.81132833078883,0
2005,6,407.852172851562,4.4644928603913,1.27418398857117,0,0,3.25843452167677,407.20382065623,1.30737644722709,407.852172851562,4.4644928603913,1.27418398857117,0,0,3.06256457559174,408.101587139943,1.11859836738034,0.143233534179177,435.583953857422,1.97652423381805,0.448179244995117,0,0,0.63408116479037,434.651760523405,0.608200643339249,3.25843452167677,1.30737644722709,0,1.95105807444968,0,3.06256457559174,1.11859836738034,0,0.143233534179177,0,1.80073267403222,0
2005,9,408.062103271484,5.25490252648713,1.44953429698944,0,0,3.26609328624857,408.41609157636,1.33596366865787,408.062103271484,5.25490252648713,1.44953429698944,0,0,3.07664755497811,409.224504081803,1.1435280558771,0.141354510884301,436.364685058594,1.55542147159576,0.841570913791656,0,0,0.611271193964757,435.248556023487,0.600221903002063,3.26609328624857,1.33596366865787,0,1.9301296175907,0,3.07664755497811,1.1435280558771,0,0.141354510884301,0,1.79176498821671,0
2005,12,409.761840820312,5.46789907300516,1.4080867767334,0,0,3.29353385342927,409.704951927344,1.38007362171166,409.761840820312,5.46789907300516,1.4080867767334,0,0,3.10191372477534,410.411340669964,1.17896274990767,0.13878634689118,436.918365478516,2.66487193107605,0.9657142162323,0,0,0.584985151630488,435.771749207012,0.589316921834292,3.29353385342927,1.38007362171166,0,1.91346023171761,0,3.10191372477534,1.17896274990767,0,0.13878634689118,0,1.78416462797648,0
2006,3,412.167877197266,2.04979771047226,0.915571749210358,0,0,3.30082784806494,411.028084969027,1.40972663814387,412.167877197266,2.04979771047226,0.915571749210358,0,0,3.1149781869386,411.631234038708,1.20505967897642,0.136555304340046,438.254791259766,2.30962657928467,2.11477851867676,0,0,0.558409030736622,436.464123443869,0.579843431406977,3.30082784806494,1.40972663814387,0,1.89110120992107,0,3.1149781869386,1.20505967897642,0,0.136555304340046,0,1.77336320362213,0
2006,6,413.558197021484,3.58673018219651,1.20837116241455,0,0,3.29004131832523,412.329462272782,1.42122252069061,413.558197021484,3.58673018219651,1.20837116241455,0,0,3.11110991088696,412.836003392515,1.21762023298735,0.13145916242551,438.513702392578,3.17381858825684,2.47164940834045,0,0,0.518479959468064,436.953558480064,0.558204107845421,3.29004131832523,1.42122252069061,0,1.86881879763462,0,3.11110991088696,1.21762023298735,0,0.13145916242551,0,1.7620305154741,0
2006,9,415.453094482422,6.8196438237206,2.20634603500366,0,0,3.28771517712677,413.672786474573,1.43953584630386,415.453094482422,6.8196438237206,2.20634603500366,0,0,3.11289864445766,414.079810121009,1.23508500891114,0.127006098950699,438.663024902344,2.14888429641724,2.5311496257782,0,0,0.481616066838253,437.433803981319,0.539295434777123,3.28771517712677,1.43953584630386,0,1.8481793308229,0,3.11289864445766,1.23508500891114,0,0.127006098950699,0,1.75080753659582,0
2006,12,416.909057617188,4.88876924213739,3.01841568946838,0,0,3.27188584805457,415.004289842851,1.44501392875577,416.909057617188,4.88876924213739,3.01841568946838,0,0,3.10422845554884,415.318550266391,1.24287675824724,0.122838724631191,439.519256591797,1.71926856040955,2.93432521820068,0,0,0.444354019385654,438.027145696208,0.521599859807999,3.27188584805457,1.44501392875577,0,1.8268719192988,0,3.10422845554884,1.24287675824724,0,0.122838724631191,0,1.73851297267042,0
2007,3,418.689697265625,5.60057149955268,3.99204015731812,0,0,3.25396833690387,416.356029542194,1.45016109563536,418.689697265625,5.60057149955268,3.99204015731812,0,0,3.09117850044348,416.574191943163,1.24949542924382,0.116557345912865,439.819458007812,2.74871253967285,2.91622185707092,0,0,0.3963021589475,438.479142498622,0.494927763783585,3.25396833690387,1.45016109563536,0,1.80380724126851,0,3.09117850044348,1.24949542924382,0,0.116557345912865,0,1.7251257252868,0
2007,6,420.069976806641,7.15821149939981,4.65431833267212,0,0,3.2198464607107,417.686929211682,1.44271601215709,420.069976806641,7.15821149939981,4.65431833267212,0,0,3.06861467968498,417.817838403986,1.24803063249096,0.11032357854124,440.429229736328,1.66132593154907,2.88079071044922,0,0,0.346915102926252,438.967972215527,0.468457835860795,3.2198464607107,1.44271601215709,0,1.77713044855362,0,3.06861467968498,1.24803063249096,0,0.11032357854124,0,1.71026046865278,0
2007,9,422.095855712891,3.49406478850094,4.83160591125488,0,0,3.17588406432876,419.028664586264,1.43237804540887,422.095855712891,3.49406478850094,4.83160591125488,0,0,3.04093493273725,419.074481640408,1.24525492765368,0.102923678117938,441.003753662109,1.95948421955109,2.66522550582886,0,0,0.290262037201541,439.415396562529,0.437036254148871,3.17588406432876,1.43237804540887,0,1.74350601891989,0,3.04093493273725,1.24525492765368,0,0.102923678117938,0,1.69275632696563,0
2007,12,423.316955566406,5.33987232176325,5.20124912261963,0,0,3.1061637235327,420.3285015212,1.40359561973628,423.316955566406,5.33987232176325,5.20124912261963,0,0,2.99818950320917,420.304119964367,1.23075949770774,0.0945869947876267,441.630004882812,2.75615048408508,1.96406853199005,0,0,0.227400662082384,439.883827863439,0.401636889091884,3.1061637235327,1.40359561973628,0,1.70256810379641,0,2.99818950320917,1.23075949770774,0,0.0945869947876267,0,1.6728430107138,0
2008,3,423.718231201172,7.97885285409636,5.46328973770142,0,0,3.03067470153699,421.588189114478,1.36981546845355,423.718231201172,7.97885285409636,5.46328973770142,0,0,2.95175313321647,421.508111606652,1.21348278455941,0.0845164591286901,441.202270507812,2.11244797706604,0.997767329216003,0,0,0.156762957728204,440.102340902929,0.35887521109772,3.03067470153699,1.36981546845355,0,1.66085923308344,0,2.95175313321647,1.21348278455941,0,0.0845164591286901,0,1.65375388952837,0
2008,6,424.207855224609,8.6935273015699,6.13263320922852,0,0,2.95597385140656,422.821430595526,1.33781954747622,424.207855224609,8.6935273015699,6.13263320922852,0,0,2.91092046723638,422.702680877826,1.19900514480926,0.0765445171362837,441.795989990234,1.67678153514862,-0.316583871841431,0,0,0.0944415089640686,440.516968910547,0.325024616848055,2.95597385140656,1.33781954747622,0,1.61815430393033,0,2.91092046723638,1.19900514480926,0,0.0765445171362837,0,1.63537080529084,0
2008,9,425.502777099609,8.0609711568097,5.46601676940918,0,0,2.87208362068515,424.06641135958,1.30365911343673,425.502777099609,8.0609711568097,5.46601676940918,0,0,2.86518681763167,423.913368623399,1.18353456401663,0.0665632846086104,441.269317626953,2.03650450706482,-0.908669173717499,0,0,0.0238145689803192,440.748179179463,0.282642139312763,2.87208362068515,1.30365911343673,0,1.56842450724842,0,2.86518681763167,1.18353456401663,0,0.0665632846086104,0,1.61508896900642,0
2008,12,423.72021484375,5.65036367561925,4.78552103042603,0,0,2.76269671132107,425.160490650589,1.23806570465433,423.72021484375,5.65036367561925,4.78552103042603,0,0,2.80390418876237,425.015794602529,1.14726824335203,0.0577952894347588,439.056274414062,-0.315165400505066,-0.813438475131989,0,0,-0.0358766716008136,440.639191419747,0.245411330647097,2.76269671132107,1.23806570465433,0,1.52463100666674,0,2.80390418876237,1.14726824335203,0,0.0577952894347588,0,1.59884065597558,0
2009,3,423.972290039062,3.36555572151833,2.90841150283813,0,0,2.69896011412878,426.285951194242,1.21021363424701,423.972290039062,3.36555572151833,2.90841150283813,0,0,2.780633433085,426.158967421657,1.13807328957143,0.0558577303654502,437.914825439453,-0.0045373379252851,-1.52696597576141,0,0,-0.060640280286748,440.710506863954,0.237184034719405,2.69896011412878,1.21021363424701,0,1.48874647988177,0,2.780633433085,1.13807328957143,0,0.0558577303654502,0,1.58670241314812,0
2009,6,425.073852539062,2.1062751972376,0.287811189889908,0,0,2.62091645719039,427.375593128617,1.17324585678604,425.073852539062,2.1062751972376,0.287811189889908,0,0,2.7504691246406,427.284831327956,1.12161125749411,0.0569083594422383,437.735504150391,1.56297588348389,-1.45681810379028,0,0,-0.070408206583827,440.882350045625,0.241645233586523,2.62091645719039,1.17324585678604,0,1.44767060040435,0,2.7504691246406,1.12161125749411,0,0.0569083594422383,0,1.57194950770426,0
2009,9,425.927886962891,1.97418680182445,-0.851297914981842,0,0,2.53834269278464,428.408330419423,1.13029822169128,425.927886962891,1.97418680182445,-0.851297914981842,0,0,2.71516823345747,428.374742661403,1.0989705754844,0.0590389713728515,438.086486816406,1.41698348522186,-1.64077568054199,0,0,-0.0747775992246842,441.078131633654,0.250692273822815,2.53834269278464,1.13029822169128,0,1.40804447109336,0,2.71516823345747,1.0989705754844,0,0.0590389713728515,0,1.55715868660022,0
2009,12,426.697998046875,1.87847606939492,-0.974642038345337,0,0,2.47255295045238,429.402791065701,1.09626511941991,426.697998046875,1.87847606939492,-0.974642038345337,0,0,2.68614702176284,429.440779924414,1.07950566703719,0.0618359333012739,439.161743164062,2.48415637016296,-1.86141526699066,0,0,-0.076891754762762,441.406482050682,0.262568780633949,2.47255295045238,1.09626511941991,0,1.37628783103247,0,2.68614702176284,1.07950566703719,0,0.0618359333012739,0,1.54480542142437,0
2010,3,427.719085693359,2.03259099206014,-0.409629374742508,0,0,2.42960623439196,430.378086531876,1.07656597213695,427.719085693359,2.03259099206014,-0.409629374742508,0,0,2.66440077698491,430.491745646589,1.06623033585283,0.0631099327520587,439.644744873047,1.3659919500351,-1.78595745563507,0,0,-0.0856655542585761,441.59646660146,0.26797845854228,2.42960623439196,1.07656597213695,0,1.35304026225501,0,2.66440077698491,1.06623033585283,0,0.0631099327520587,0,1.53506050838002,0
2010,6,429.399108886719,2.91412853263967,-0.7011399269104,0,0,2.40548222505303,431.372028177698,1.07094335613641,429.399108886719,2.91412853263967,-0.7011399269104,0,0,2.65179168751673,431.555819125984,1.0600599899376,0.0655095105757334,440.607971191406,1.07607138156891,-1.59052062034607,0,0,-0.0896180785228194,441.902790048824,0.278167586280173,2.40548222505303,1.07094335613641,0,1.33453886891662,0,2.65179168751673,1.0600599899376,0,0.0655095105757334,0,1.5262221870034,0
2010,9,430.015899658203,2.53523480015348,-0.928300619125366,0,0,2.38622427424833,432.320372498604,1.0621986724614,430.015899658203,2.53523480015348,-0.928300619125366,0,0,2.63541498201494,432.576633167337,1.04852270931792,0.0670150290030278,441.376068115234,0.614864766597748,-1.25713860988617,0,0,-0.0979837709249688,442.167494346325,0.284560343962841,2.38622427424833,1.0621986724614,0,1.32402560178693,0,2.63541498201494,1.04852270931792,0,0.0670150290030278,0,1.519877243694,0
2010,12,432.096343994141,3.02424699135934,-0.520383238792419,0,0,2.39647538253351,433.324750775801,1.07799486345856,432.096343994141,3.02424699135934,-0.520383238792419,0,0,2.63582148835518,433.634597538237,1.05246018639417,0.0685746885109535,441.899810791016,1.26246416568756,-1.2608003616333,0,0,-0.105945756186077,442.446284343476,0.291182996413236,2.39647538253351,1.07799486345856,0,1.31848051907496,0,2.63582148835518,1.05246018639417,0,0.0685746885109535,0,1.51478661345005,0
2011,3,434.191223144531,4.57666596622966,-0.370992183685303,0,0,2.39623172516218,434.332240518985,1.08503303631542,434.191223144531,4.57666596622966,-0.370992183685303,0,0,2.62722102472067,434.68609509765,1.04924946839156,0.0701812398643708,441.661926269531,1.75218796730042,-1.72215795516968,0,0,-0.112044464226713,442.60294259974,0.298004761807111,2.39623172516218,1.08503303631542,0,1.31119868884677,0,2.62722102472067,1.04924946839156,0,0.0701812398643708,0,1.50779031646473,0
2011,6,435.769714355469,2.37967286130248,0.106356404721737,0,0,2.39335923046012,435.328169602103,1.08700930682434,435.769714355469,2.37967286130248,0.106356404721737,0,0,2.61617811037114,435.72029873164,1.04138784596423,0.0741302948077692,442.336334228516,2.33219695091248,-1.97367823123932,0,0,-0.107224521143953,442.971736663562,0.314773305367256,2.39335923046012,1.08700930682434,0,1.30634992363578,0,2.61617811037114,1.04138784596423,0,0.0741302948077692,0,1.50065996959914,0
2011,9,437.709014892578,4.06333283633961,0.926638543605804,0,0,2.39571015672849,436.355570012824,1.09358557794218,437.709014892578,4.06333283633961,0.926638543605804,0,0,2.60467373208311,436.765883047285,1.03504863629891,0.0767976486754517,442.314025878906,1.82189834117889,-1.98828446865082,0,0,-0.107047875160415,443.168678922221,0.326099468249675,2.39571015672849,1.09358557794218,0,1.30212457878631,0,2.60467373208311,1.03504863629891,0,0.0767976486754517,0,1.49282744710875,0
2011,12,438.422485351562,4.32058259118207,1.4138115644455,0,0,2.3868480978495,437.347083110688,1.08608850154745,438.422485351562,4.32058259118207,1.4138115644455,0,0,2.585879542222,437.772898863817,1.01875190718447,0.0814739419547307,443.430999755859,1.42308139801025,-1.96762800216675,0,0,-0.0981646139959131,443.587186753253,0.345956023470484,2.3868480978495,1.08608850154745,0,1.30075959630205,0,2.585879542222,1.01875190718447,0,0.0814739419547307,0,1.4856536930828,0
2012,3,439.497436523438,3.41610826653891,1.69900810718536,0,0,2.3897955927543,438.357862263664,1.08672855373021,439.497436523438,3.41610826653891,1.69900810718536,0,0,2.57176815063257,438.780977765981,1.00747307096462,0.0843096134305581,444.265930175781,2.51657009124756,-1.85584485530853,0,0,-0.0981953874767318,443.953219046388,0.357996899413261,2.3897955927543,1.08672855373021,0,1.30306703902409,0,2.57176815063257,1.00747307096462,0,0.0843096134305581,0,1.4799854662374,0
2012,6,440.629425048828,1.85601357158764,1.46428453922272,0,0,2.3842970697253,439.373948846498,1.08003190103697,440.629425048828,1.85601357158764,1.46428453922272,0,0,2.55347654679304,439.78319570799,0.99274263259995,0.0866295449501366,444.711181640625,1.65073525905609,-1.86114716529846,0,0,-0.0999071407024807,444.296609921055,0.367847831674317,2.3842970697253,1.08003190103697,0,1.30426516868833,0,2.55347654679304,0.99274263259995,0,0.0866295449501366,0,1.47410436924295,0
2012,9,440.070404052734,2.75118258788984,1.22252511978149,0,0,2.37246585669289,440.320508183705,1.05960424085508,440.070404052734,2.75118258788984,1.22252511978149,0,0,2.53035474227798,440.721893234176,0.96942599762878,0.0891241737769736,444.855529785156,1.15405535697937,-1.78712236881256,0,0,-0.0994740358872154,444.604322875584,0.378440566581471,2.37246585669289,1.05960424085508,0,1.3128616158378,0,2.53035474227798,0.96942599762878,0,0.0891241737769736,0,1.47180457087223,0
2012,12,441.292938232422,2.96200682413534,1.00176703929901,0,0,2.38874073667565,441.317101627829,1.06305578898645,441.292938232422,2.96200682413534,1.00176703929901,0,0,2.52799383812568,441.693911973077,0.963943226458356,0.0926433430873669,444.971099853516,1.76485192775726,-1.77560126781464,0,0,-0.0930884382974289,444.905596388232,0.393383722532112,2.38874073667565,1.06305578898645,0,1.3256849476892,0,2.52799383812568,0.963943226458356,0,0.0926433430873669,0,1.47140726857996,0
2013,3,442.976776123047,0.315547257069731,0.208536073565483,0,0,2.38493639735378,442.289193601102,1.0521299535818,442.976776123047,0.315547257069731,0.208536073565483,0,0,2.51514738911087,442.642216118231,0.949682913038542,0.0973778644510768,445.952545166016,1.5595371723175,-1.94108712673187,0,0,-0.0815684232300712,445.385450476271,0.413487526824965,2.38493639735378,1.0521299535818,0,1.33280644377198,0,2.51514738911087,0.949682913038542,0,0.0973778644510768,0,1.46808661162125,0
2013,6,445.232269287109,2.28288824633578,-0.198561728000641,0,0,2.37178287102103,443.269352316503,1.03773100643929,445.232269287109,2.28288824633578,-0.198561728000641,0,0,2.49504882949747,443.589302383257,0.932932051704911,0.100410798099862,446.220001220703,1.1270614862442,-1.82100915908813,0,0,-0.077150748938526,445.717770026379,0.426366020726323,2.37178287102103,1.03773100643929,0,1.33405186458173,0,2.49504882949747,0.932932051704911,0,0.100410798099862,0,1.4617059796927,0
2013,9,445.901672363281,3.57441367137415,-0.0760961025953293,0,0,2.34202340090236,444.17468917243,1.00558001515686,445.901672363281,3.57441367137415,-0.0760961025953293,0,0,2.46406014077251,444.473187727192,0.904009174190355,0.104714012336097,447.067901611328,1.57031393051147,-1.77416121959686,0,0,-0.066909896119729,446.176843503607,0.444638401435933,2.34202340090236,1.00558001515686,0,1.3364433857455,0,2.46406014077251,0.904009174190355,0,0.104714012336097,0,1.45533695424606,0
2013,12,447.365142822266,1.37925999305137,-0.235886797308922,0,0,2.33188295870349,445.093411641438,0.99038338751251,447.365142822266,1.37925999305137,-0.235886797308922,0,0,2.44364409840722,445.360264401525,0.885851688258351,0.108170160854615,447.935333251953,1.7202183008194,-1.6519672870636,0,0,-0.0609074874177943,446.679828659079,0.459313957439522,2.33188295870349,0.99038338751251,0,1.34149957119098,0,2.44364409840722,0.885851688258351,0,0.108170160854615,0,1.44962224929425,0
2014,3,448.803405761719,2.18673187556426,-0.00833095144480467,0,0,2.31325387412446,445.994735358094,0.969789386077407,448.803405761719,2.18673187556426,-0.00833095144480467,0,0,2.41644881545832,446.22582168522,0.863899225250165,0.11045283217409,447.590026855469,1.26189434528351,-1.82922756671906,0,0,-0.0581776510964229,446.946761840318,0.469006674811839,2.31325387412446,0.969789386077407,0,1.34346448804705,0,2.41644881545832,0.863899225250165,0,0.11045283217409,0,1.44209675803407,0
2014,6,449.162445068359,4.02499176073508,0.496149569749832,0,0,2.29310487388556,446.847101489592,0.94434670973309,449.162445068359,4.02499176073508,0.496149569749832,0,0,2.38976641221019,447.048289883338,0.838421812196728,0.115931801970374,448.873413085938,1.74239194393158,-1.80780363082886,0,0,-0.0415425464291002,447.532116935969,0.492271568567567,2.29310487388556,0.94434670973309,0,1.34875816415247,0,2.38976641221019,0.838421812196728,0,0.115931801970374,0,1.43541279804308,0
2014,9,450.054473876953,4.2751767354462,1.20823860168457,0,0,2.29052328824069,447.709434165404,0.933355230220152,450.054473876953,4.2751767354462,1.20823860168457,0,0,2.3697991309737,447.866936280611,0.821197917244108,0.118906918451925,450.081298828125,1.49994814395905,-1.93850016593933,0,0,-0.0377588065083323,448.080963386839,0.504904558240397,2.29052328824069,0.933355230220152,0,1.35716805802054,0,2.3697991309737,0.821197917244108,0,0.118906918451925,0,1.42969429527767,0
2014,12,451.092803955078,3.96213172923999,1.6489919424057,0,0,2.28358665071043,448.563458105755,0.92013752663718,451.092803955078,3.96213172923999,1.6489919424057,0,0,2.34664231880076,448.669869480038,0.803053741017086,0.120468250540299,450.585815429688,1.08282887935638,-1.45928812026978,0,0,-0.0401106291978091,448.511395474937,0.511534312830041,2.28358665071043,0.92013752663718,0,1.36344912407325,0,2.34664231880076,0.803053741017086,0,0.120468250540299,0,1.42312032724337,0
2015,3,451.604705810547,4.61571196478445,1.45274782180786,0,0,2.27209096436438,449.38733368144,0.902340246146428,451.604705810547,4.61571196478445,1.45274782180786,0,0,2.32225684931756,449.442169740503,0.782621498024784,0.122918722924443,451.482330322266,0.667641997337341,-2.04750227928162,0,0,-0.0387001369184646,449.045907263998,0.521939549907117,2.27209096436438,0.902340246146428,0,1.36975071821796,0,2.32225684931756,0.782621498024784,0,0.122918722924443,0,1.41671662836834,0
2015,6,452.546539306641,4.85986139531487,1.45432090759277,0,0,2.26521346659413,450.214595303093,0.890126392221676,452.546539306641,4.85986139531487,1.45432090759277,0,0,2.30123683631886,450.209437692812,0.766654909860893,0.124487337804147,452.099700927734,1.77872741222382,-1.98901414871216,0,0,-0.0414277950685297,449.544703157931,0.528600228807868,2.26521346659413,0.890126392221676,0,1.37508707437246,0,2.30123683631886,0.766654909860893,0,0.124487337804147,0,1.41009458865382,0
2015,9,453.415924072266,6.0318223737096,1.76008903980255,0,0,2.24934821692046,451.02987097407,0.871851208825223,453.415924072266,6.0318223737096,1.76008903980255,0,0,2.27618122096254,450.962048611813,0.747783276786876,0.126045901120298,452.499298095703,1.28487992286682,-1.85495209693909,0,0,-0.0435440053061106,450.032326346896,0.535218226590304,2.24934821692046,0.871851208825223,0,1.37749700809524,0,2.27618122096254,0.747783276786876,0,0.126045901120298,0,1.40235204305536,0
2015,12,453.203979492188,9.75762188869977,1.99975037574768,0,0,2.2288101685041,451.795403002859,0.845541664484672,453.203979492188,9.75762188869977,1.99975037574768,0,0,2.24795989622358,451.669915433865,0.723771518934174,0.127983087902607,452.683654785156,0.995895504951477,-1.56537580490112,0,0,-0.0428151442779028,450.479465022283,0.543443941706671,2.2288101685041,0.845541664484672,0,1.38326850401943,0,2.24795989622358,0.723771518934174,0,0.127983087902607,0,1.3962052893868,0
2016,3,454.073577880859,9.24180921096363,2.3820013999939,0,0,2.21976980190961,452.58568542703,0.829865793540712,454.073577880859,9.24180921096363,2.3820013999939,0,0,2.22981143459023,452.393945519976,0.708220407863161,0.131122781527278,453.261596679688,1.67210590839386,-1.8349449634552,0,0,-0.0362921660141702,451.028921818106,0.556775761614323,2.21976980190961,0.829865793540712,0,1.3899040083689,0,2.22981143459023,0.708220407863161,0,0.131122781527278,0,1.39046824519979,0
2016,6,454.379058837891,7.00368571501025,3.11953163146973,0,0,2.18898380184304,453.318587992396,0.79433099289576,454.379058837891,7.00368571501025,3.11953163146973,0,0,2.19768205252518,453.06962598844,0.679925772356707,0.133796383718745,453.582092285156,2.18787407875061,-1.8614627122879,0,0,-0.0312123439450508,451.521591751596,0.568128456234348,2.18898380184304,0.79433099289576,0,1.39465280894728,0,2.19768205252518,0.679925772356707,0,0.133796383718745,0,1.38395989644973,0
2016,9,454.983306884766,5.7440790046476,3.14519286155701,0,0,2.15723093016428,454.028179822419,0.758075148608634,454.983306884766,5.7440790046476,3.14519286155701,0,0,2.16725194539705,453.726407745564,0.652438477048902,0.137234196936313,454.288848876953,1.73173880577087,-1.83479952812195,0,0,-0.0224546516574167,452.099046474025,0.582726156574475,2.15723093016428,0.758075148608634,0,1.39915578155564,0,2.16725194539705,0.652438477048902,0,0.137234196936313,0,1.37757927141184,0
2016,12,455.601806640625,2.04737107470845,2.90809345245361,0,0,2.11312559569691,454.696208148153,0.712636575668243,455.601806640625,2.04737107470845,2.90809345245361,0,0,2.13024760547594,454.350322247577,0.619937948874939,0.140100555714619,454.842071533203,1.37571060657501,-1.81850636005402,0,0,-0.0159496668197481,452.653790127078,0.59489733745748,2.11312559569691,0.712636575668243,0,1.40048902002867,0,2.13024760547594,0.619937948874939,0,0.140100555714619,0,1.37020910088638,0
2017,3,455.337829589844,5.49415448723927,3.22682166099548,0,0,2.06218729191758,455.288707900047,0.659010413058455,455.337829589844,5.49415448723927,3.22682166099548,0,0,2.09027447350082,454.917020449054,0.583167509050051,0.143083360748558,455.327301025391,1.85239827632904,-1.55574691295624,0,0,-0.00824942353670155,453.205899787619,0.607562974390852,2.06218729191758,0.659010413058455,0,1.40317687885913,0,2.09027447350082,0.583167509050051,0,0.143083360748558,0,1.36402360370221,0
2017,6,455.974365234375,4.09528754491945,2.70847487449646,0,0,2.02199545185725,455.868177078728,0.616530298128703,455.974365234375,4.09528754491945,2.70847487449646,0,0,2.06025722707123,455.477722957104,0.555640691274793,0.146431217213204,455.885589599609,1.33527207374573,-1.24369025230408,0,0,0.00156410315227051,453.776399547557,0.621778698852823,2.02199545185725,0.616530298128703,0,1.40546515372855,0,2.06025722707123,0.555640691274793,0,0.146431217213204,0,1.35818531858323,0
2017,9,456.313873291016,3.40825328740699,1.73998141288757,0,0,1.96918568491468,456.382325483915,0.564618336027887,456.313873291016,3.40825328740699,1.73998141288757,0,0,2.02430228421856,455.992153227937,0.522921529192536,0.149979259752973,456.671417236328,1.20700931549072,-0.827525675296783,0,0,0.0121333319844568,454.379914717663,0.636844456795952,1.96918568491468,0.564618336027887,0,1.40456734888679,0,2.02430228421856,0.522921529192536,0,0.149979259752973,0,1.35140149527305,0
2017,12,456.814117431641,3.27556567999911,1.31261157989502,0,0,1.9201460846712,456.852776931856,0.517207096983871,456.814117431641,3.27556567999911,1.31261157989502,0,0,1.99227800736363,456.478775511169,0.494287917282009,0.153280716961472,457.792236328125,1.77521812915802,-0.831612825393677,0,0,0.0205301321852205,455.057587249529,0.650863159955606,1.9201460846712,0.517207096983871,0,1.40293898768733,0,1.99227800736363,0.494287917282009,0,0.153280716961472,0,1.34470937312015,0
2018,3,457.576812744141,2.96206234701572,0.960693538188934,0,0,1.87311284175619,457.285861877418,0.473921314995097,457.576812744141,2.96206234701572,0.960693538188934,0,0,1.96175703890708,456.942473870484,0.469144414884647,0.15522377935501,458.602233886719,2.5374903678894,-0.686533212661743,0,0,0.0221428637521043,455.702013359341,0.659113824191259,1.87311284175619,0.473921314995097,0,1.3991915267611,0,1.96175703890708,0.469144414884647,0,0.15522377935501,0,1.33738884466743,0
2018,6,458.119750976562,3.21078739028903,0.821856617927551,0,0,1.82763825137348,457.669101204922,0.433159246530646,458.119750976562,3.21078739028903,0.821856617927551,0,0,1.93265498844146,457.374155524253,0.446165890971585,0.156662497241235,459.131652832031,2.14165115356445,-0.415558695793152,0,0,0.0215958224006979,456.314286887306,0.665222932292236,1.82763825137348,0.433159246530646,0,1.39447900484283,0,1.93265498844146,0.446165890971585,0,0.156662497241235,0,1.32982660022864,0
2018,9,459.123718261719,3.17289993512336,0.708437561988831,0,0,1.79165960031703,458.039091340906,0.403943772393333,459.123718261719,3.17289993512336,0.708437561988831,0,0,1.91093352414833,457.802642570447,0.431290514561832,0.158290743226092,459.753509521484,1.27296376228333,-0.30902299284935,0,0,0.0218521290038847,456.975450344902,0.672136817795235,1.79165960031703,0.403943772393333,0,1.3877158279237,0,1.91093352414833,0.431290514561832,0,0.158290743226092,0,1.32135226636041,0
2018,12,459.738952636719,3.65141801369096,0.716203927993774,0,0,1.75458312408283,458.369532493644,0.375851398443015,459.738952636719,3.65141801369096,0.716203927993774,0,0,1.88803337268062,458.205328875652,0.416795836315261,0.159383209989192,459.894958496094,1.86353778839111,-0.00500580435618758,0,0,0.0203618217446296,457.54490491666,0.676775668550066,1.75458312408283,0.375851398443015,0,1.37873172563982,0,1.88803337268062,0.416795836315261,0,0.159383209989192,0,1.31185432637616,0
2019,3,460.517028808594,2.68434577003178,0.628963053226471,0,0,1.72767482058998,458.68705029503,0.359440129022106,460.517028808594,2.68434577003178,0.628963053226471,0,0,1.87358596532973,458.604565365264,0.410278472476642,0.161674922297335,460.517028808594,1.60119247436523,0.193761304020882,0,0,0.0242079777571473,458.203958047324,0.686506775920616,1.72767482058998,0.359440129022106,0,1.36823469156788,0,1.87358596532973,0.410278472476642,0,0.161674922297335,0,1.30163257055576,0
2019,6,461.584655761719,3.96618793452397,0.929011881351471,0,0,1.7051698714827,459.006622766249,0.352163584378232,461.584655761719,3.96618793452397,0.929011881351471,0,0,1.86232483944952,459.009539836013,0.409468381847283,0.163546457534984,461.349029541016,1.6863511800766,0.262532293796539,0,0,0.0251574260658198,458.877318559796,0.694453720343186,1.7051698714827,0.352163584378232,0,1.35300628710446,0,1.86232483944952,0.409468381847283,0,0.163546457534984,0,1.28931000006726,0
2019,9,462.158782958984,4.79430423057129,1.13909530639648,0,0,1.68194049338117,459.308782307649,0.347699256758746,462.158782958984,4.79430423057129,1.13909530639648,0,0,1.85070494449867,459.404348883858,0.410180763896576,0.16480025160276,462.511993408203,1.48276317119598,0.101585850119591,0,0,0.0216280884159951,459.617819706556,0.699777601814143,1.68194049338117,0.347699256758746,0,1.33424123662243,0,1.85070494449867,0.410180763896576,0,0.16480025160276,0,1.27572392899933,0
2019,12,462.846923828125,3.96562041378087,0.967102289199829,0,0,1.66889904984229,459.652011093957,0.356314225671263,462.846923828125,3.96562041378087,0.967102289199829,0,0,1.84562938371054,459.833109589409,0.419746008989415,0.164368171852131,463.191436767578,1.40301358699799,-0.398976057767868,0,0,0.00977577886787129,460.359021958207,0.697942897505458,1.66889904984229,0.356314225671263,0,1.31258482417103,0,1.84562938371054,0.419746008989415,0,0.164368171852131,0,1.26151520286899,0
2020,3,460.389129638672,2.28116091520585,0.533833146095276,0,0,1.65847152007058,459.916226894805,0.356627624170571,460.389129638672,2.28116091520585,0.533833146095276,0,0,1.83894616431145,460.202813906567,0.423152013642435,0.162697934594768,461.866546630859,1.79856157302856,-0.847697019577026,0,0,-0.00388162918768487,460.751862169123,0.690850707954468,1.65847152007058,0.356627624170571,0,1.3018438959,0,1.83894616431145,0.423152013642435,0,0.162697934594768,0,1.25309621607424,0
2020,6,443.518737792969,0.422920320452192,-0.562825858592987,1,0,1.71679569495153,460.262225618943,0.410091484174064,443.518737792969,0.422920320452192,-0.562825858592987,1,0,1.88118159331105,460.6328720653,0.462238981972268,0.166167811807243,453.662322998047,-0.7526735663414,-1.70779097080231,1,0,0.00871563896799654,461.288389999423,0.705584558969382,1.71679569495153,0.410091484174064,0,1.30670421077746,0,1.88118159331105,0.462238981972268,0,0.166167811807243,0,1.25277479953153,0
2020,9,452.881500244141,1.11737909348944,-1.12036502361298,1,0,1.79915566285621,460.70656060354,0.487745588957717,452.881500244141,1.11737909348944,-1.12036502361298,1,0,1.94537739232808,461.155891302705,0.521241504710748,0.171921555305294,461.138153076172,2.96415138244629,-1.68657004833221,1,0,0.0310917574130604,462.077452477957,0.730016201441777,1.79915566285621,0.487745588957717,0,1.31141007389849,0,1.94537739232808,0.521241504710748,0,0.171921555305294,0,1.25221433231204,0
2020,12,459.600830078125,2.9636678804688,-1.2526034116745,1,0,1.88066176129493,461.231173348911,0.568295937788412,459.600830078125,2.9636678804688,-1.2526034116745,1,0,2.00242003852663,461.729240703163,0.577119833643219,0.175738370377213,462.265106201172,1.79323935508728,-1.87506127357483,1,0,0.0453329867940331,462.699226351785,0.746223225834153,1.88066176129493,0.568295937788412,0,1.31236582350652,0,2.00242003852663,0.577119833643219,0,0.175738370377213,0,1.2495618345062,0
2021,3,462.583862304688,1.71322343724775,-1.36231255531311,1,0,1.96258762447532,461.817235259318,0.648410133071854,462.583862304688,1.71322343724775,-1.36231255531311,1,0,2.06255786000474,462.354742734754,0.633903599303317,0.181046290824713,463.651184082031,3.40117454528809,-2.08110117912292,1,0,0.0666750880967016,463.459321938488,0.768761806966449,1.96258762447532,0.648410133071854,0,1.31417749140346,0,2.06255786000474,0.633903599303317,0,0.181046290824713,0,1.24760796987671,0
2021,6,460.269866943359,6.02747885187224,-0.903380811214447,1,0,2.05946908958054,462.481563342021,0.738584240279027,460.269866943359,6.02747885187224,-0.903380811214447,1,0,2.12885066735803,463.027782965424,0.694873545051744,0.185578454248421,465.338775634766,5.64626455307007,-2.27207493782043,1,1,0.0842600787432607,464.246219984061,0.788006355568942,2.05946908958054,0.738584240279027,0,1.32088484930151,0,2.12885066735803,0.694873545051744,0,0.185578454248421,0,1.24839866805787,0
2021,9,465.297912597656,6.49433992999334,-0.978023409843445,1,0,2.16959429116941,463.264212623955,0.841336688690589,465.297912597656,6.49433992999334,-0.978023409843445,1,0,2.20668143361142,463.804082071747,0.768248010696673,0.189234123865205,466.160461425781,4.71887731552124,-2.75216031074524,1,1,0.0983703580053024,464.974101666137,0.803529121417772,2.16959429116941,0.841336688690589,0,1.32825760247882,0,2.20668143361142,0.768248010696673,0,0.189234123865205,0,1.24919929904955,0
2021,12,469.910461425781,6.58481262448997,-0.70344603061676,1,0,2.26972505222215,464.142473090592,0.937602831483052,469.910461425781,6.58481262448997,-0.70344603061676,1,0,2.27372766900749,464.647072909614,0.833425154387583,0.193337719488441,467.861602783203,5.16963052749634,-3.55878210067749,1,1,0.11450400047829,465.826940505086,0.82095387821344,2.26972505222215,0.937602831483052,0,1.3321222207391,0,2.27372766900749,0.833425154387583,0,0.193337719488441,0,1.24696479513147,0
2022,3,470.336395263672,11.2756053636989,0.542554199695587,1,0,2.36123540253232,465.080563620573,1.02356475247546,470.336395263672,11.2756053636989,0.542554199695587,1,0,2.32991368587118,465.532382171658,0.889683704081649,0.195956595407726,467.606628417969,5.95113849639893,-2.53228187561035,1,1,0.124953177161584,466.567385825668,0.832074193215529,2.36123540253232,1.02356475247546,0,1.33767065005686,0,2.32991368587118,0.889683704081649,0,0.195956595407726,0,1.24427338638181,0
2022,6,471.734161376953,11.6090346590063,0.960448563098907,1,0,2.45826477712862,466.128213238533,1.11381371882967,471.734161376953,11.6090346590063,0.960448563098907,1,0,2.38690076023994,466.490624668323,0.946139621222724,0.199422851634959,467.762878417969,4.74763488769531,-2.51210641860962,1,1,0.140392118153056,467.363127160668,0.846792668741968,2.45826477712862,1.11381371882967,0,1.34445105829894,0,2.38690076023994,0.946139621222724,0,0.199422851634959,0,1.24133828738225,0
2022,9,472.512664794922,12.0467975947616,3.71427321434021,1,0,2.53724516337823,467.245189412254,1.18756780236316,472.512664794922,12.0467975947616,3.71427321434021,1,0,2.43186167397591,467.495713762866,0.991559571111522,0.202884582508157,468.482269287109,5.01376438140869,-1.53104734420776,1,0,0.156340376324264,468.219582857499,0.861491928633947,2.53724516337823,1.18756780236316,0,1.34967736101507,0,2.43186167397591,0.991559571111522,0,0.202884582508157,0,1.23741752035623,0
2022,12,472.012786865234,13.0524432568839,5.11318111419678,0,0,2.60529492858527,468.386201644105,1.24554139801092,472.012786865234,13.0524432568839,5.11318111419678,0,0,2.46666542140671,468.509798299113,1.02545106570637,0.205523878427056,469.170074462891,4.60526561737061,-0.364751905202866,0,0,0.169628239777591,469.017702712742,0.872698951382052,2.60529492858527,1.24554139801092,0,1.35975353057434,0,2.46666542140671,1.02545106570637,0,0.205523878427056,0,1.23569047727328,0
2023,3,472.800506591797,13.2194193662255,6.22286701202393,0,0,2.67756891830578,469.64035490551,1.30850778974628,472.800506591797,13.2194193662255,6.22286701202393,0,0,2.50673472027796,469.604412290356,1.06386681347924,0.208631930777451,469.891479492188,4.6105170249939,1.93761277198792,0,0,0.186096306306446,469.854395382641,0.885896415578373,2.67756891830578,1.30850778974628,0,1.3690611285595,0,2.50673472027796,1.06386681347924,0,0.208631930777451,0,1.23423597602127,0
2023,6,472.149536132812,8.72293101705878,6.69400835037231,0,0,2.71154853559529,470.869966532677,1.3344968985808,472.149536132812,8.72293101705878,6.69400835037231,0,0,2.52371014346592,470.674931019214,1.07879767641058,0.211676062277468,470.517425537109,3.89111280441284,2.30990815162659,0,0,0.202963700475771,470.681663827801,0.898822457984081,2.71154853559529,1.3344968985808,0,1.37705163701449,0,2.52371014346592,1.07879767641058,0,0.211676062277468,0,1.23323640477788,0
2023,9,471.916015625,8.51569220077498,7.63177824020386,0,0,2.74977770594912,472.134820575142,1.36153596258053,471.916015625,8.51569220077498,7.63177824020386,0,0,2.54629196500829,471.772285654103,1.09648896813109,0.214902891745416,471.664459228516,2.34024548530579,2.63398742675781,0,0,0.219717559302218,471.62326828297,0.912524275575881,2.74977770594912,1.36153596258053,0,1.38824174336859,0,2.54629196500829,1.09648896813109,0,0.214902891745416,0,1.23490010513178,0
2023,12,472.579498291016,7.96605381604488,7.65675926208496,0,0,2.77431468328137,473.430569027279,1.37962806834377,472.579498291016,7.96605381604488,7.65675926208496,0,0,2.56230866819053,472.894448729844,1.11017886749882,0.216380367975374,472.505035400391,2.11407327651978,2.59309101104736,0,0,0.227606636374858,472.526646904607,0.918797960008291,2.77431468328137,1.37962806834377,0,1.3946866149376,0,2.56230866819053,1.11017886749882,0,0.216380367975374,0,1.23574943271633,0
2024,3,472.98046875,5.3738719220143,7.29456186294556,0,0,2.77441494465578,474.704420164045,1.3779919084505,472.98046875,5.3738719220143,7.29456186294556,0,0,2.56534169916962,474.003268347701,1.11245551881662,0.21708868016147,472.714477539062,3.91864848136902,3.00282549858093,0,0,0.232487200434661,473.325672496907,0.921805607133231,2.77441494465578,1.3779919084505,0,1.39642303620527,0,2.56534169916962,1.11245551881662,0,0.21708868016147,0,1.23579750019153,0
2024,6,473.582489013672,6.26471441496593,7.12353563308716,0,0,2.76852213849575,475.977837919953,1.37273544492641,473.582489013672,6.26471441496593,7.12353563308716,0,0,2.56847732808601,475.119178363772,1.11379913747632,0.218941304224296,473.596130371094,2.84212970733643,2.95675468444824,0,0,0.241931058092778,474.260342767651,0.929672250607004,2.76852213849575,1.37273544492641,0,1.39578669356933,0,2.56847732808601,1.11379913747632,0,0.218941304224296,0,1.2357368863854,0
2024,9,474.003936767578,5.16758879775513,6.4056601524353,0,0,2.75454360940875,477.223754146264,1.36078002629224,474.003936767578,5.16758879775513,6.4056601524353,0,0,2.56566806733405,476.218364853203,1.1104310644828,0.219473065435317,474.417694091797,2.3244297504425,2.93532776832581,0,0,0.244359014086653,475.171783619553,0.931930224010366,2.75454360940875,1.36078002629224,0,1.39376358311652,0,2.56566806733405,1.1104310644828,0,0.219473065435317,0,1.23576393741593,0
2024,12,475.210540771484,4.15082805439675,5.61262845993042,0,0,2.74303093514,478.484155920714,1.35421516975171,475.210540771484,4.15082805439675,5.61262845993042,0,0,2.56534127352119,477.334889859755,1.11105948353556,0.219259277856902,474.876190185547,2.68107414245605,2.2848641872406,0,0,0.243341695856177,476.055471476407,0.931022435597024,2.74303093514,1.35421516975171,0,1.3888157653883,0,2.56534127352119,1.11105948353556,0,0.219259277856902,0,1.23502251212872,0
2025,3,475.665893554688,5.163846189223,5.45216083526611,0,0,2.72183265235367,479.706015234974,1.33819223134396,475.665893554688,5.163846189223,5.45216083526611,0,0,2.55794394405432,478.426653247876,1.10473525094174,0.218971998089582,474.713684082031,3.22255063056946,1.68005704879761,0,0,0.243471543339261,476.810356194981,0.929802583414336,2.72183265235367,1.33819223134396,0,1.38364042100971,0,2.55794394405432,1.10473525094174,0,0.218971998089582,0,1.234236695023,0
2025,6,476.089691162109,5.45044447670109,5.34988212585449,0,0,2.71596071509768,480.921205997697,1.33224463191209,476.089691162109,5.45044447670109,5.34988212585449,0,0,2.56017843102084,479.518575067998,1.10405049397909,0.220853284037673,475.655395507812,2.56670069694519,1.53631484508514,0,0,0.253197806286683,477.744158272772,0.937790931467684,2.71596071509768,1.33224463191209,0,1.38371608318559,0,2.56017843102084,1.10405049397909,0,0.220853284037673,0,1.23527465300407,0
2025,9,477.3193359375,5.39271880671156,5.36169576644897,0,0,2.72105016728299,482.157289447819,1.33614649439546,477.3193359375,5.39271880671156,5.36169576644897,0,0,2.56575173954655,480.627484604304,1.10807086074184,0.221579624713743,476.725738525391,2.835618019104,1.5588995218277,0,0,0.256729016121044,478.66199293189,0.940875131470153,2.72105016728299,1.33614649439546,0,1.38490367288753,0,2.56575173954655,1.10807086074184,0,0.221579624713743,0,1.23610125409096,0
